pktnum,Ai,ETp,Fs1,GQ,MET,Pmax,Pr,Pv,Qdot,Qsgf,R10,R90,dF,dP,dt,ser,zone
1,28.28358,0.6562103788956364,2.50535175188664,9.576399198095077,1.210924114965124,18.236860220635226,132.75785,12.1255968539532,17.493907865623484,362.3109205816549,0.19072586771352426,0.1589769523543436,0.5112921855250252,5.069590788669295,0.028479427878772112,1.3445306842500002,0.0
2,30.3574,0.35325180623355124,2.501246291845624,9.592874700743842,0.9412035476998852,18.127687781102388,124.4963,11.70319949304022,17.445047508695335,360.4493424250033,0.1883595020592864,0.15985264739068702,0.5443712429572818,4.934185938260686,0.02725062618764796,1.4239897405000002,1.0
3,30.05227,0.2750513197612392,2.6229469154545813,9.665788008831472,0.8648175541996324,18.058328917390014,126.25156,11.595930974352072,17.42672423820739,361.30713402847323,0.1867598046884517,0.1620143668331881,0.5616253935371351,4.7318355933941065,0.02486458454727647,1.395552288125,2.0
4,29.32778,0.3637759261414573,2.5171358418507137,9.701434469770838,0.943889357132754,18.351523704306494,129.2167,8.974144396751015,17.583434441377385,361.5686716927847,0.19177847803097992,0.16240261682839427,0.5629826023883306,4.995277995563519,0.02631256601724341,1.4032609535499998,3.0
5,28.66695,0.3705847451342308,2.572449464621697,9.778705590552748,0.9831251301577808,18.70939496861218,132.34718999999998,9.11287649424665,17.704465450874487,361.12669148682,0.1964440629605516,0.16339602289520652,0.5650128004095096,5.173015470724053,0.02602120487278337,1.407905581875,4.0
6,28.2357,0.2571677133593866,2.619803740372204,9.870865456666516,0.9021937600259092,18.38506981408143,134.58558,8.383799794389613,17.763610558999453,361.9280807627799,0.1911635897484132,0.16337483927951074,0.5622622787586824,4.733912553902097,0.024371666000602588,1.3467017115000002,5.0
7,27.71406,0.2794153228188918,2.42751530619797,9.822800701635954,0.8862397840247311,18.65670713714736,137.25045,8.919165397731248,17.660228962064302,355.62632319292624,0.1956629778707792,0.1651512981504259,0.5429380733842382,5.04512590722668,0.02408104564966517,1.3554946745999998,6.0
8,27.204390000000004,0.2675206267780013,2.555867553048924,9.840211765963694,0.8784919504899236,18.538309285639592,139.85765,8.651632144370359,17.57538177461379,355.8928798674134,0.19243035039751946,0.1668160347554301,0.5472879191343663,4.737547245935765,0.02223816304272808,1.3036343688,7.0
193,38.77961,0.1808534686128241,1.9074779512159232,10.649994997097897,0.7152849382838156,20.156786839163434,97.73471,9.243245801818208,18.82411303807288,378.4229416096823,0.2072421862684692,0.1830691544203491,0.5185288062585367,5.131018177047307,0.0192944812653636,2.001900417225,0.0
194,38.93868,0.10852744222685827,1.9857764843293784,10.721449529083818,0.8180430745955825,19.748443197355048,98.18998,7.976475784380531,18.714225572956032,379.2460828737805,0.20260170290468613,0.18505346697437772,0.525873328580106,4.399744277906457,0.015720564332831755,1.9626068187,1.0
195,38.83397,0.1147309335212512,1.9962756563909352,10.740111264301124,0.7767589372565809,19.633277771547736,98.53903,7.964569383595004,18.829709734310764,380.43000701770274,0.20458938768515386,0.185757106775668,0.5256393430842969,4.293301126226888,0.016970625355137825,1.977717007175,2.0
196,38.15338,0.2025733413737356,2.0743535742970907,10.764500887849307,0.7035464200501735,19.92897959540829,100.37845,8.469969381407829,18.8569176543689,379.3666440793224,0.2071569126509332,0.1854127304458494,0.5305781572337098,4.693210034238078,0.016755422988091073,1.9694774756,3.0
197,37.91201,0.1271744773585688,2.0202888310927016,10.813061580481026,0.7053018618597378,20.1850576465288,101.11899,8.647160865521885,18.91167315527296,380.1345257763121,0.20856170969587626,0.18540448556889333,0.5258811827334302,4.774011042245976,0.016307965827733306,1.971519300025,4.0
198,37.01525,0.10317121629513792,1.9347042513814832,10.805724689371116,0.7505067822626224,20.363559120691036,103.47732,9.211244204393237,18.93731526551897,382.6520658848328,0.20828927634409392,0.1849464155429441,0.5346942139543005,5.113345882742773,0.016878730198053082,1.92238700875,5.0
199,36.62626,0.1758108927250177,1.893454429386516,10.804102514435694,0.7575613120403162,20.350112163424786,104.71187,9.042702675638122,18.856538131682484,379.51203906660993,0.20853964852619009,0.18603001692360013,0.5261152477493374,5.028827811975875,0.015694597188576798,1.90630526735,6.0
200,35.7478,0.15038284163140858,2.068571752036544,10.826524040266259,0.7395976742207075,20.205026098260838,107.25306,8.847566272668065,18.976126712467167,381.6136120244912,0.210507150355629,0.18528329283125125,0.5290992827359071,4.924732338692499,0.016924237960155075,1.8790831069999998,7.0
393,37.98105,0.04180895566871001,2.2627245163206955,10.577997794301226,0.7886358287985793,20.127710387510486,99.54668,9.53015074274991,18.952279910963714,396.0288876072077,0.20657065267831035,0.18238799761515925,0.533324168496788,5.2569264512082805,0.023106911557468246,1.954219975125,0.0
394,38.8363,0.10042440343427472,2.3459174834434893,10.648521252716064,0.7941090476875914,19.747542630148203,98.31346,8.636681814827288,18.81968875046692,385.7115723300754,0.2001655464707458,0.18501225854323464,0.5364644101138571,4.703277815900496,0.01925713066094204,1.92967865625,1.0
395,38.22625,0.03774247066185055,2.256378824513788,10.713304289215834,0.7375822881605956,19.939583404383143,100.22903,8.737030784864041,18.96248391968933,383.9548257244055,0.20792092621630093,0.1852416425009726,0.5374919997874295,4.836907612808583,0.019679363124168958,1.981553234375,2.0
396,38.1337,0.06559255103801931,2.2858336881758325,10.77456918288697,0.7324769733017504,19.739651842200672,100.37307,9.124873030666652,19.17283858263491,389.9878274587092,0.2089090031341446,0.18494866288501266,0.5422226091721893,4.712723174148406,0.021180922998903062,1.9850497535,3.0
397,37.27648,0.1482661893713768,2.0415554949784323,10.749842505451078,0.6753971386059483,19.68192362418152,102.68528,8.353028710430793,18.970558474885387,385.1465713869316,0.2073303799459201,0.1858654439343892,0.5396035328777495,4.586564534610443,0.018836554048987653,1.925796148,4.0
398,36.62297,0.0979395120299813,1.937912978921445,10.777990372821169,0.5870183188876901,20.090829633796467,104.71272,9.116398876606173,18.94545866847137,380.6490322147817,0.2086222172344762,0.18613176421119607,0.5345926743652698,4.9737248990987935,0.017718322274062226,1.903570423175,5.0
399,36.25085,0.10339603259492593,2.1449049243436606,10.821847388696527,0.5166196967179673,20.678319095315565,105.90795,9.858185430397052,19.10471490900002,383.9132904278608,0.21122310903220928,0.18648366481209808,0.5356900048548292,5.452660943406913,0.018941686291183868,1.90806348975,6.0
400,35.65589,0.12582811246392112,1.9443409020165712,10.895191832577414,0.5324899680894752,21.104042608213874,107.65334,10.376000122753817,19.150047964689147,382.0669404790792,0.21482320582859368,0.18840808281734667,0.5314661421572096,5.791156948512588,0.01768214409060298,1.9122253807,7.0
593,40.99893,0.07449666591889681,2.2863168894498687,10.429698237761931,0.6897552868089711,19.68591817537792,92.80179,9.390493491690984,18.545675814653197,378.0553255567955,0.20029637378128406,0.1799303210575034,0.5314086346148329,5.071336010187716,0.020836685029052338,2.04072174075,0.0
594,41.4921,0.0731173660616804,2.178352476782309,10.4731606580259,0.5346377749338203,19.391511766415245,92.43335,8.322237173042522,18.345148415558977,373.2416397017291,0.19766847065999896,0.18351908259470576,0.5320190254045434,4.565496090759397,0.01670099817016879,2.039336715,1.0
595,41.21843,0.0863960595761526,2.272306472117711,10.512497491948533,0.5164067891686877,19.18534410747568,93.17599,8.39868073931075,18.43822544082987,374.66608973132867,0.1986247475117159,0.18331101226414395,0.5247437336061429,4.3502646625407895,0.01695775419329526,2.03474779695,2.0
596,40.78654,0.07434736951992704,2.1164759875192085,10.544421416430687,0.6180636642618039,19.270568679130744,94.20714,8.510245481329887,18.456242106412606,372.74305030561567,0.20061447603328547,0.1832025982183465,0.5339022326115956,4.403711626768965,0.01649116281019647,2.0344326152,3.0
597,40.33518,0.015322795848582869,1.951126877383768,10.563038185629988,0.7009341399128459,19.54633356855189,95.35103,8.534155991653366,18.4929332764285,371.09940818711664,0.2029622581044059,0.1833584558264606,0.5122683616571084,4.578916055761697,0.01642957923526456,2.0357165346,4.0
598,39.46636,0.1783196513426759,2.0046981551549004,10.608080258607872,0.8539590134799546,19.746187506751877,97.47378,8.785477998552016,18.605749009397602,373.8922687067749,0.20476259237470654,0.1832952164170669,0.5404064816851064,4.748990132117292,0.016955857172674005,2.0114030374,5.0
599,38.89823,-0.003057724999944611,1.8797246103410925,10.625108083288596,0.7455842291215546,19.92606111635596,98.90433,9.10784177502717,18.616650919108213,372.9958071719602,0.20635113021432544,0.18332721107076155,0.5208716895255168,4.941550633458741,0.01667050258815039,1.99956351315,6.0
600,38.28577,0.13938162536873833,1.7040663109996397,10.670993546918456,0.7811476017538759,20.40525689907656,100.4818,9.636753923077178,18.768213283758875,371.80641399688614,0.21464606339467912,0.1836848214662899,0.5329126574389171,5.470496099513223,0.017747528821025926,2.0567115644,7.0
793,43.71401,0.07641880501641651,2.2376289810503867,10.321359347332637,0.6109586703165206,19.486968313637718,87.16579,9.419317610940373,18.424816436420265,376.4712132908338,0.19644861576108044,0.17974559548126515,0.5347038213118003,5.006555696567029,0.021937211829768814,2.1286537169499997,0.0
794,44.30053,0.06342117943119874,2.3573667424263816,10.388352422244708,0.6114837006852696,19.12271555031786,86.5898,8.000836122245168,18.301988420030415,373.7304039376467,0.19549656936709275,0.18262878960626688,0.5278144136292671,4.377097425757887,0.01820727463804484,2.1503477262,1.0
795,43.70113,0.05135177729578898,2.064522871754872,10.43684874733002,0.51288792367761,19.318603881222323,87.97242,8.347313988065173,18.24268853077505,366.88272966864685,0.19922764056471265,0.1838702434273801,0.5223449317827003,4.570822193584727,0.015965567800293234,2.167248289525,2.0
796,42.89032,0.09594375141891832,1.9367464909841168,10.505592754546466,0.539050640745689,19.103389401100085,89.68025,8.526043104514752,18.397490248530033,370.0893728170352,0.20035912574697973,0.18397913527476653,0.5289060992228527,4.330633074076179,0.01650921439585895,2.1404414196,3.0
797,42.0835,0.047817982310970564,2.0373605872249607,10.5578719960053,0.5705889318722441,19.240626917106415,91.43963,8.615198310978233,18.600408421239685,376.1982607396753,0.2008635596034908,0.1829322041926252,0.5328512879828162,4.380311429233773,0.018223680402004616,2.1056479225,4.0
798,41.71017,0.06528768728277612,1.855793564623696,10.603605938830098,0.6365848726739891,19.89073727468265,92.34247,9.222403764590805,18.703380753439788,374.38710062049006,0.2065572314082472,0.18443272035077585,0.5188984386044315,4.971336749302672,0.01856858854009491,2.1430685346,5.0
799,41.5298,0.13989766725335784,1.737279771468352,10.558878879110539,0.7380961518895113,19.674196043854845,92.72029,8.984448493194268,18.527904861831324,370.50353743377946,0.20439285117492645,0.1843347470649961,0.5171534423706992,4.779996131834148,0.017090934504463973,2.110752085,6.0
800,40.85093,0.1815772656633392,1.8320312651109736,10.578460234210851,0.7941971855655829,20.57510279018803,94.27733,10.261878331476767,18.429222372869454,367.1398215905706,0.20624824586522456,0.18608571686012973,0.5076558635622508,5.67081658475738,0.015028905485093837,2.09789951015,7.0
993,45.59328,0.06727314127730466,1.9392917853891984,10.395607182155963,0.7627058685736685,19.317571061297734,83.89553000000002,8.813754059412622,18.203494242014532,369.3453282322999,0.19214008480357192,0.1799750557327882,0.5379013625134021,4.693588449259004,0.016642445350188884,2.169100296,0.0
994,46.02907,0.0423792718642062,2.1522236289740952,10.46928698297592,0.5276782225786967,19.301586806758557,83.38495999999998,8.244592914264507,18.303606495602953,372.74207016621284,0.1945521447901513,0.181775661767756,0.5321372922638452,4.498085002164429,0.01618647499864401,2.2227437903,1.0
995,45.65601,-8.316172995392891e-05,2.069713962347605,10.504434933427847,0.5763936595779136,19.117758924954806,84.15227,8.272802971230838,18.343824462565575,377.6252943267325,0.19018745073522508,0.1821603137083216,0.5387465443990815,4.1438470082895265,0.01586549997393716,2.1513111912,2.0
996,44.81904,-0.03398442948245162,1.8201438928263405,10.505422998987862,0.5778364863578176,18.786086611047114,85.82455,7.075305071381817,18.232633800269774,372.2271075285846,0.19364334085241214,0.1832887922633546,0.5295162613010391,3.757128499005173,0.014077303470173774,2.1573644904000004,3.0
997,43.97381,-0.04876604475505175,1.8408492066231696,10.564907968548727,0.6462743554975638,19.02984878554329,87.54154,7.58081468496142,18.340481623334817,371.84810260412,0.19621697765330492,0.18438412411427446,0.5318581527775663,3.8732656469873374,0.014149693522419016,2.145592124425,4.0
998,43.64489,0.031711155265860214,1.8480627012149573,10.585669101448168,0.84144668609812,19.13605966532177,88.21883000000003,7.5237512224804926,18.38023115688894,371.0760432120559,0.19809264723750744,0.18480105590201365,0.5376199204104433,3.9801396342044058,0.014190342574751269,2.1485288224750003,5.0
999,43.37082,-0.024905714550143898,1.8529178298693003,10.5975144879938,0.7993495901203929,19.07472956400989,88.77588,8.058235589832499,18.435645129385623,372.2578780776837,0.19893338394861051,0.18460840320053507,0.5269327724582316,4.0161440356166205,0.014752083982520037,2.14609660065,6.0
1000,42.48721,-0.06088227420709912,1.6390956327028032,10.589384306026089,0.6201173803185043,19.16874864118668,90.6888,7.869414562545133,18.354471897156266,370.3454106218888,0.1973552160100922,0.18500062536352369,0.5171346721177343,4.1393120598987405,0.013687434518132369,2.0829354702500003,7.0
1193,47.79427,-0.09343621517206913,2.0106976851300007,10.462605464015912,0.6344676589262299,19.071061784397163,80.16826999999998,8.338327898631897,18.098951858123566,368.6081936441018,0.1883288156841432,0.18230564044287967,0.5193431050922279,4.2854836235018645,0.013137254945305377,2.226854524975,0.0
1194,48.45274000000001,0.01958080004166618,2.131262952163788,10.523481087395023,0.4734281481222418,19.13501834401347,79.3305,7.657886498540816,18.287426644061785,374.6519714511671,0.1895603826541095,0.184049831430376,0.5312386034563459,4.077977718202956,0.014441723089273271,2.2736448245000003,1.0
1195,48.1445,0.0989334261846686,2.245017137571544,10.534128123105386,0.5130922801415956,18.98230689196857,79.8431,7.524566636631406,18.21391713760949,370.5580278732718,0.19234954602304835,0.1856428735665248,0.5179030034663796,3.761530861652041,0.012983247502169835,2.2986591525,2.0
1196,47.1956,-0.004874081618243764,1.7684154024184786,10.577334149036009,0.5742371957255195,19.287944368552395,81.56557,8.246974984155344,18.271158224887234,371.92032015721617,0.19081366877486056,0.18620266545065864,0.5251132695941432,4.1598566517577975,0.012716864643452121,2.229520144,3.0
1197,46.73462,0.041600711453355636,2.030634208442203,10.594711487043243,0.6674688865191172,19.065941439264396,82.39574,8.094753262607265,18.29102420702689,373.9552210780412,0.19115279868224624,0.18592021476597947,0.5173649836269045,3.94910632669558,0.01255121345042276,2.21533782455,4.0
1198,46.14218,0.036803393495620895,1.9347454619126117,10.630087233578193,0.6865520169225761,19.36682720795284,83.60817,7.913702042476454,18.330227890681947,372.1265066324504,0.19314920259187,0.18753204630148432,0.5084898022998727,4.103017097962768,0.012205667734470738,2.2074418912,5.0
1199,45.7817,0.05900014414610767,2.1813238252955744,10.721515222355428,0.8421470390264609,19.763577550835354,84.24769,8.35656274114212,18.631935347719935,373.4670759059529,0.2040847068280362,0.1881139260337165,0.557939008034102,4.458476919281557,0.014437454428968488,2.321590007,6.0
1200,45.0522,0.057806739088444914,1.7387748362150228,10.68917139124266,0.8690566148888443,19.280207112419703,85.59489,7.313460495582638,18.463544833398426,372.5458435269688,0.19908135181503947,0.1880656560119692,0.5198067372864812,3.8945639831076657,0.012689305416007102,2.229408117,7.0
1393,51.07478,-0.03138326450851281,1.6019076582537668,11.190925475818881,0.6409417310652721,20.466763436978983,75.10261,8.486457628757748,19.279926578385943,389.9661804919578,0.1832154448402198,0.1717754491086123,0.5223660682799709,4.6513425617458335,0.012143917536512672,2.32811615935,0.0
1394,51.38887,0.06123387979351946,1.9191607067053809,10.659196988613584,0.6560551374800987,19.261193902153234,74.74936,9.191147692900381,18.52943377104096,379.122531739843,0.18966244412702965,0.18230387699921813,0.5284600921983937,4.174803105069213,0.0145574226022277,2.4163046674000004,1.0
1395,51.16991,0.037009122642558616,1.8921913009675395,10.740044367899614,0.6235142816527102,19.764748767497505,75.26849,8.303626544161641,18.62052710798634,378.97783694222517,0.1922599081399519,0.1846996876826628,0.5257831967998503,4.451075972732406,0.013778616672974307,2.437350738075,2.0
1396,50.92362,0.06783939301091735,1.7878531772907242,10.748241343306253,0.5477763484366527,19.367406383610913,75.6365,7.44052706929657,18.53577399837803,377.7119299981063,0.19197446888978129,0.1852168987552348,0.5228040261033535,3.939907893733922,0.01223386975099805,2.42460085725,3.0
1397,49.71852,0.1542835651126886,1.8122110460965195,10.77756760975558,0.5418717394418984,19.646929690401706,77.62498000000002,7.9387830267444786,18.616627923027966,375.5544173741704,0.19629461688989205,0.18595318939860725,0.5299267540995443,4.195726217464723,0.01270543488478626,2.422534887,4.0
1398,48.57976,0.21883164605561944,1.6950189778130569,10.861116471050217,0.6344743423116199,19.922168031208844,79.27846,8.586819318881334,18.85687994612356,377.96035706913085,0.20255823499253625,0.18564827544336773,0.5228794542757718,4.499407454900631,0.014198069627143428,2.4467196124,5.0
1399,48.34526,0.15300937184963814,1.7367064790227815,10.819757956153689,0.7821334926356975,19.77949513750626,79.69551,8.096840846130622,18.681413924108856,375.14094079156274,0.19935256216237632,0.18579951643036025,0.5096017821396548,4.28330977601156,0.012595066879039662,2.3947824541,6.0
1593,52.38806,-0.007410265985328124,1.6159348747368585,10.406794852207561,0.7595374516101678,18.086940256542626,73.23541,4.457582876266093,17.32622079910635,351.90479662471665,0.18561726821911628,0.18860827198129235,0.5065955832300051,2.456529347281481,0.0018371247376519628,2.4266149392,0.0
1594,52.13243,-0.10981882091329707,2.405050687490978,10.706015014698897,0.5801307947279142,19.777230813212988,73.77646999999997,9.444217646446775,18.830404975177096,386.1063375200919,0.19132211574811656,0.18251953911168026,0.5451528393335798,4.673754428873582,0.01790649216731921,2.474074796725,1.0
1595,52.10666,-0.09335326544028888,2.046180993233662,10.812716306657236,0.596038251391338,19.928277961327893,73.89577,9.156532691184843,19.0226543708399,388.04049386345673,0.19832571103232088,0.18306471261314272,0.5367132745251895,4.756635602416703,0.01796986627242081,2.5626055388,2.0
1596,51.54172,-0.05243372178513184,1.9514947823702469,10.827345071654888,0.5425266301329614,19.961248265757565,74.6769,9.043549690323603,18.93296156098527,381.7897053071088,0.20067681378460586,0.1839657206428124,0.535412108491101,4.6751534479096915,0.016247189157079792,2.5689681791,3.0
1597,49.93218,-0.14917377576445998,1.7880326812030845,10.834875738718358,0.5176648273780806,20.7870757999962,77.39005999999998,9.192930243015503,18.733994763870086,370.8552308992945,0.20867638157279908,0.18756987849852413,0.5246624296454212,5.116968831867291,0.012999395696343341,2.5992196298999994,4.0
1598,49.111999999999995,-0.05263840594342284,1.5792981932082155,10.81348469056578,0.7680260098305709,20.52099377354748,78.58057,8.894803677852329,18.57278199949043,374.4353713027643,0.19811890096331586,0.1876629920403504,0.5196838634570957,4.826053631492338,0.011060186808523387,2.4141003600000004,5.0
1599,47.5712,-0.04057807564465321,1.62967360664029,10.817880133480632,0.7005541066614995,20.47119069038728,81.17401,8.620129867633885,18.76783829334246,371.4173883143644,0.21165173325907044,0.1869215309207478,0.5244615600889779,4.863046264825655,0.01387920654060937,2.5212736,6.0
1793,55.08308,-0.20963887476488446,1.1551771336422152,10.497489391277066,0.6474410884141193,18.428115881241613,69.69005,4.572082327905151,17.494506243587047,353.65015636893656,0.1823266748311334,0.1865754863916888,0.5030565381585119,2.4897731524840285,0.0021938948911905953,2.5013226628000003,0.0
1794,55.04391,-0.1458144124834675,1.613098926173361,10.600663885791024,0.622911870110741,18.819719657728825,69.91615,8.718903494796853,18.040395884010447,375.2943516963356,0.1885026946701676,0.18510748397906368,0.5332259810358662,3.4001979849008763,0.008372759595552837,2.588302257975,1.0
1795,55.1113,-0.16035276596124248,1.4973131352354416,10.626620028453264,0.5600829162543626,18.59318180255889,69.87559,6.75010041494444,18.037996392784976,372.17521134250165,0.18714992802078928,0.18804920401466446,0.5212596217695142,2.9136133431066185,0.00759919313569346,2.56694657575,2.0
1796,54.19844000000001,-0.047824170224778584,1.648613121578845,10.614441241782673,0.5200962557049778,18.6284090928666,71.12926,6.5919326048423335,18.028792049208647,368.44290292597054,0.18909891497223533,0.18827917693505744,0.5176810063069732,3.0702585300313654,0.007791589550690038,2.5508495786000003,3.0
1797,54.87603000000001,-0.07096975245878667,1.5361132318404571,10.595040264036411,0.6252316287543032,18.788572704847784,70.2443,6.076664995903273,18.111873087262765,366.4921190033024,0.1957065474543104,0.18895440237664493,0.5124166518773396,3.248098973610217,0.00966250329445062,2.6735601816000005,4.0
1798,54.54883,-0.005221954585948653,1.6559443841468855,10.74444472165249,0.5761068466057893,18.984722320739067,70.66899000000002,6.6551187819174595,18.356682562376676,372.46196397139846,0.1944826057037912,0.18860777685588656,0.5071495270888251,3.3468592354262903,0.009430477469052012,2.6385269071,5.0
1799,53.26976,-0.12343257468851475,1.6225422798949063,10.745766756538837,0.7413117616872178,20.049809209422147,72.4513,8.1607268380043,18.280777413602,371.23245684944084,0.19221658823116616,0.1897075905370829,0.5127395858695896,4.362234923986819,0.00825736582259351,2.5319116928,6.0
1800,52.36066,-0.09177779180743427,1.3966283464351144,10.745370294445195,0.6716005683393753,19.724857044358203,73.61055,7.166271947891412,18.318757315677832,368.1371243023777,0.20019001662866456,0.18904614791598687,0.5184563747636433,3.877311437406648,0.008882553025328366,2.61397504885,7.0
1993,55.8621,-0.17426328387887224,1.303344060191785,10.0559952390975,0.5892956435689065,17.751434039611343,68.58165,5.321641548503177,16.75817170965533,344.20337781885536,0.1729398215787218,0.18171030504912752,0.5093338252823476,2.815148379158181,0.0021337917822440433,2.3875461540000003,0.0
1994,56.75496999999999,-0.17509164698228474,1.3241256574362772,10.13330324997063,0.4709103471753657,17.6567067314827,67.7006,6.154815839383002,16.959107701313428,354.21936207044234,0.17271633210923826,0.18282547096971768,0.5141447515259321,2.471281655829064,0.003394386698807872,2.434646325575,1.0
1995,57.159180000000006,-0.15071839762630998,1.437819442797196,10.268623407629006,0.5039426574751467,18.49568300680626,67.30014,7.4737789123136675,17.526653449173576,363.746868475787,0.1773831548780515,0.18104948119361947,0.5135459703838743,3.5260541530404663,0.009218256863709915,2.5120030630500003,2.0
1996,55.59979000000001,-0.1339245728996552,1.845847405830316,10.357405994521288,0.5193396129985892,18.85247465945539,69.27154,7.836411221748532,17.798823469844663,363.314808117922,0.18472015386967602,0.1811335340843717,0.5119642364810963,3.882001391029789,0.011203663420466414,2.5477213772750003,3.0
1997,54.72224,-0.0591782586052112,1.6022641808873814,10.388249449903071,0.6006456082559772,19.043083637793075,70.4316,7.841672382545882,17.822402401240815,361.41989100205126,0.18558855688447984,0.18110398042338186,0.5167942889034163,4.0538309548809215,0.010728301831226195,2.5129820664,4.0
1998,54.15524,-0.03618497059041559,1.7800516499595558,10.415499260209668,0.6534507326457408,20.17190827841649,71.14764,9.350293064371751,17.933820876428758,361.4787782772811,0.1906170258313078,0.18229008742036887,0.5133846963648354,4.998012151698634,0.01176920945534332,2.5511179683000003,5.0
1999,52.84316,-0.09388881032331398,1.9162484314807176,10.426987950619806,0.6046170309512391,19.23616770479596,72.99803,7.662129745245823,17.862750713313638,360.87462281571925,0.1877264970113363,0.1824460462422418,0.5016738393616521,4.034111310871927,0.010312305489901473,2.4499410055,6.0
2000,52.19456,-0.1998321313498969,1.6193276605081943,10.368514041886561,0.5736660385946379,19.24734241883191,73.81085,7.75196573486576,17.80330902805512,358.28777769578227,0.1893687588022188,0.18362874090747247,0.5085012719527833,4.073580474014609,0.010965052775700146,2.4450541632,7.0
2193,60.47374,-0.03882338849993161,1.4495938688411494,10.119489452277683,0.4076502414641325,17.80638800989516,63.51768000000001,5.6796094426815165,17.171619139959063,351.82409433880014,0.1810098955029677,0.1831389106339405,0.4853530191653936,2.6509577073715977,0.0073589683426088515,2.7306917297,0.0
2194,59.67123,-0.07644727237303073,1.6858825167399751,10.29959405246712,0.38297744026919744,18.57470631649985,64.47176999999999,8.069642469827262,17.573834195291287,361.87203961428236,0.17648071002915616,0.1776049911023561,0.5263830982017224,3.7018677866085583,0.008993513344205395,2.618522750475,1.0
2195,59.56865,-0.06793968192210542,1.7367701443768473,10.331871843788642,0.433237536302979,19.018265806745184,64.63445,8.049118851279871,17.655496038617553,360.0159283465198,0.17732936580380004,0.17758318773604964,0.5292112306930692,4.1489988030807226,0.00944480604224629,2.601958632,2.0
2196,58.74876,-0.07204510763825668,1.7828387762981204,10.34161770570277,0.6073970396593573,20.055637150522426,65.49409,9.22235062766766,17.8921610907939,357.3186096052272,0.19445756132981007,0.17711960390596385,0.5011916367929277,5.0639005061460365,0.013052685373853956,2.8385932113,3.0
2197,59.65136,0.059310699010552526,1.6580606711748025,10.217537375240695,0.536229090779063,19.63365520074059,64.51805999999999,8.60305406826928,17.697500464922093,353.0520658384883,0.1958568891290128,0.17907133401918468,0.4993912935511386,4.7799428708710945,0.013369519175105649,2.9090476988,4.0
2198,58.66384,-0.10565738339949247,1.7209011719205434,10.303924689066841,0.6342908384919106,19.50223447879218,65.61224,8.098525780131823,17.68213813267753,354.2930200637586,0.1936459841711187,0.17951435578846905,0.5070979483298266,4.491604368176713,0.010675955860538044,2.8293570032,5.0
2199,57.84064,-0.15137422720821547,1.4423911096454325,10.194182214576706,0.5799945697223166,19.200965119341568,66.54045,7.516152255561789,17.426564894369108,352.8242749192939,0.1843164788278505,0.17998002076390984,0.4945237919419365,4.047748635710246,0.009541606170760164,2.6401360128,6.0
2200,56.94454,-0.02180437648429745,1.6702860585859332,10.2435343127536,0.6417169487865344,19.630839001730017,67.65434,7.890864140039404,17.676188813399012,349.49155923315607,0.20147849982020585,0.18025951332418,0.493001633052224,4.479327937734769,0.012276155563106015,2.8707166227500003,7.0
2393,62.16587,0.047599967166249264,1.1784574161788148,9.212974759332203,0.4397986125186826,16.733689911761747,61.54398000000001,4.75430176921315,15.540951596690835,316.1488630177193,0.1623068358385048,0.17929271769948213,0.4667516288259432,2.5174503298160555,0.00559179606306992,2.492695972325,0.0
2394,61.70111,0.01687580360583496,1.3654454462984185,9.71226292497588,0.4492598077325773,16.865824205440553,62.17182,4.611875028022133,16.525497101604973,336.6933609480645,0.1757553515423293,0.1849266621057651,0.4753661776743314,1.9975414308872264,0.008260959774672337,2.704513904075,1.0
2395,61.27955,-0.16170615820207954,1.3811078572832114,9.770456906992713,0.3065392833078775,17.662829507641295,62.60784,6.101756956317807,16.77252920845756,341.80826492368067,0.17193197531207413,0.18543342571089425,0.4880697056853141,2.912429612820052,0.010717692563010915,2.610968426625,2.0
2396,61.39309,-0.08074131670759144,1.3296955428440491,9.87486177342636,0.32930355463736305,19.534293073647284,62.46007,9.110539980670003,17.319267381968178,342.7149367301757,0.1942451135934404,0.18351159393919572,0.4752464839678918,5.0390396633085786,0.016908183550411016,2.970658142375,3.0
2397,60.98585,-0.047470788974305116,1.2919991031915017,9.941279805400217,0.4554466990710999,19.214245482765552,62.86683000000001,8.359378715502425,17.377909495152362,345.4615688591483,0.1885240210139016,0.1840262937892076,0.4702101536155152,4.501859813446677,0.015964230819939473,2.851698346,4.0
2398,60.44026,-0.08502438905940224,1.383536684604321,9.918914579689963,0.5748353864334135,19.365677508101925,63.43716,8.335487199515514,17.377744696294407,340.87509406537936,0.1988166433711358,0.18338319125585667,0.4764208573434981,4.714968334405949,0.01660499884895905,3.00342762005,5.0
2399,60.94734,-0.046281008746294816,1.3791766982304003,9.791899660958688,0.4461871897719192,19.12592566073336,62.96145,8.354183566526661,17.17898820481389,337.987303242284,0.19673761982047933,0.1816144883305472,0.4721611426391776,4.713012659056017,0.017004915991579272,2.9996757064500006,6.0
2400,60.13181,-0.04531723540258525,1.3157003518469217,9.930215288409476,0.5493834368813495,18.81227467017798,63.78813,7.406657239443946,17.365291103357567,342.2492935514869,0.19612349235274268,0.18304438525405514,0.4761914283439563,4.144913524337621,0.016079975084099196,2.9476613262,7.0
2593,62.14913000000001,-0.08369321599900559,1.1938200857040908,9.620333366038626,0.4214582096012194,17.035562512856334,61.55914,4.080342669861343,16.32844971354796,330.30853873528343,0.17725379301793245,0.1863972457847088,0.4647541593646025,2.252716384603749,0.007518330060164891,2.74419483515,0.0
2594,61.93062,-0.13354292211820962,1.3777192022967075,9.875080496900868,0.3488763416943144,17.207353458915986,61.93146,3.878363706812308,16.742592436776704,343.51680143641164,0.17391199662501042,0.18700423492518164,0.4817195190830437,2.1294931604994343,0.00721248758779347,2.67865414155,1.0
2595,61.69047,-0.032099889585801115,1.4967852767765388,10.188732938995722,0.4886681823003549,19.2070491484128,62.33817,8.167236861946975,17.679658415363182,350.00134801304716,0.19886022996413333,0.18457988320509786,0.4921579668568938,4.349216973724003,0.013847836472694164,3.055066300575,2.0
2596,60.75801,-0.0951772215892035,1.3296874989733674,10.12587023179756,0.5705769476156775,19.671911659780093,63.29176,8.578908146692067,17.668796079046942,346.06272171273423,0.2046008306421324,0.186217662916048,0.4859209996248275,4.822461636500012,0.015449629156618738,3.110658216975,3.0
2597,62.11226,-0.06772113803153346,1.4683578252070573,9.969457573531713,0.35905406741608914,19.295664747966548,61.80496,8.282991759652818,17.35898198186179,343.10822411850927,0.19623583841234413,0.1847092743775341,0.4820765575937291,4.552249441187593,0.014835715812734906,3.03496030425,4.0
2598,61.52438000000001,-0.12443586710394786,1.5368039641436886,10.129589013811591,0.5611435982698296,19.54649927229995,62.39228000000001,8.018756571559708,17.641745620220515,346.6047503737948,0.20037423397743792,0.18300934727048088,0.4806354397859387,4.479357608438969,0.014919829256965556,3.0768342438000005,5.0
2793,64.05494,-0.039171697997108616,1.2963895717550975,9.824444215939767,0.4579992650776994,17.210306504292866,59.72611,3.659753128654514,16.36881327270545,338.84736744815325,0.14296554828442185,0.16695899382017138,0.4663372567517437,1.8349636211760867,0.0022349081066459497,2.2691462495,0.0
2794,64.01136,-0.06701743287671391,1.196675990295959,9.52865069536494,0.31456117188490396,16.57528672023602,59.86264,3.213358135008917,15.91108166619166,325.6544149203717,0.16434025314311007,0.17924914648074458,0.4772702852097375,1.7417686435002333,0.0027070234615871325,2.6097431472,1.0
2795,63.13148,-0.08512741919325606,1.274817914290598,9.64207836602956,0.37204177108552017,16.919660439230896,60.74288000000001,5.5067244948759235,16.3532070997017,339.28655669917225,0.1663148297053646,0.18141124117431146,0.4780312215006886,2.238703776146858,0.007199451999092998,2.6027530917000004,2.0
2796,62.70545,-0.15899492169824825,1.4478182730698128,9.697900287063737,0.30874269797208953,17.139068903408347,61.17941,5.678377495987791,16.514353684621803,342.43247214166325,0.16845866585976174,0.18165606957729494,0.4840490832354307,2.431026973582293,0.008381036078189852,2.620303991875,3.0
2797,62.32921,-0.07353005743535945,1.489516186542999,9.789320788710283,0.4603046793119319,17.707439509220126,61.60385,5.793936211247102,16.84217953044546,345.01506755265405,0.17294318610675555,0.1824580575150782,0.4800412765990778,2.934107236737645,0.01137216358552018,2.6745464011,4.0
2798,61.79053,-0.15421410567389415,1.4481179682711482,9.782426267035877,0.5482478408006912,17.75991099859761,62.15301,6.075532786194347,16.830013188965847,342.4459052987781,0.17443650844627387,0.1825838890568263,0.4866979679562502,3.0615217262911933,0.011511920492761174,2.6767657596000003,5.0
2799,61.11837,-0.11909242874811456,1.2898335913396666,9.655262715033226,0.3951720123395077,18.08632902799221,62.75568000000001,7.292622567286268,16.769064384799613,339.0828892762812,0.17624076358771076,0.18054741531567955,0.4681322036408186,3.7773597111772688,0.0140971878465056,2.6672056668,6.0
2800,60.39029,-0.042552154618618936,1.293895793635176,9.780443428389825,0.4706297781595339,18.495574398212472,63.52352,7.297665828084438,16.990095369570966,338.2229000091541,0.18715401049373792,0.18190953494482529,0.4845251578425645,3.926436122142552,0.014173562927210948,2.8117719024000003,7.0
2993,64.53903000000001,-0.15690747374742384,1.2086128678550616,9.42720439632633,0.4401073984666901,16.863013202627908,59.32193,3.666660888494127,15.732530608557207,323.3128882994732,0.1622814194183312,0.18266979479426304,0.4862733012528056,1.937793612960261,0.002497823212246009,2.5841427612000003,0.0
2994,64.29833,-0.19128852893679132,1.2668889839402742,9.508308118706813,0.33848401608248224,16.936001925141152,59.55546,4.047192181407655,15.856808765623848,324.380664757095,0.16298650012498286,0.18292724625631426,0.4753874223337484,2.1612410967935016,0.002308633813026706,2.5892937491000003,1.0
2995,63.79501,-0.1543260486193816,1.3770988115721234,9.626764233029931,0.4192501509807656,17.00663941308817,60.06387,4.352435927865194,16.262240100888892,339.06589643804426,0.16357477598294518,0.1825134781667524,0.4749751510993412,2.291513991661746,0.0060607851892839895,2.57763737905,2.0
2996,63.08739,-0.03866804478177244,1.4077936367408048,9.742187422913787,0.556069283459891,17.221252377798553,60.87577,5.0404527311195695,16.52460823131979,340.0482659151565,0.17082940307589495,0.18507559988003594,0.4809163842470263,2.26160073592604,0.007348277591579411,2.677271113125,3.0
2997,62.87791,-0.08899151595734978,1.4887620649647333,9.810610928149655,0.6076698836700416,18.968460789052465,61.08673,7.770411098732599,16.761146156671536,342.25672562120405,0.16800848838804766,0.1847612354713208,0.4809296974662076,4.036495453458623,0.00945206826928213,2.5805094264,4.0
2998,62.49228000000001,-0.10498815748842104,1.4456028243620125,9.612729747934502,0.5720201227960793,17.184240388206373,61.35625,4.454518288314059,16.282853818981966,334.7711789308308,0.1626067019603841,0.1844810366344532,0.4789426717393783,2.320670392662976,0.006816930368001239,2.5010972763000003,5.0
2999,61.87803,-0.0014148013633104026,1.393299431151785,9.732988777945783,0.4902465896750208,17.880634914701265,62.00266,6.3073264695200075,16.719161600132807,334.4915966488892,0.18062050719694067,0.18320160234501168,0.4700156301047431,3.2384337025103527,0.010933512282521374,2.7773953765500003,6.0
3000,61.39773,-0.0635089507685116,1.352042573857991,9.641595281212641,0.6096695734027726,17.171970012418235,62.42072,5.979878809664493,16.306942537725337,344.32151236550345,0.1712756513334046,0.18374983101007286,0.4696590288810505,2.401040939656488,0.006367891575664975,2.6279763383250003,7.0
3192,66.85876,-0.1499404864651659,1.1065212846674617,9.289367950463912,0.41862847383928425,16.173687557721156,57.15485,2.9310114661715736,15.361449880138291,320.575087550957,0.14975763715186832,0.18277965960326328,0.4779729341249568,1.4298353235424788,-0.00024325325654883656,2.4893187817,0.0
3193,66.94497,-0.1512008889801848,1.1071684988878354,9.163054531078227,0.4125433615563594,16.31802509835396,57.04663000000001,3.6186526986946035,15.15655116808652,310.1226825287228,0.14813278937196556,0.1788680041023629,0.4843751465784392,1.8506875496933808,-0.00013385233087670478,2.4577172111250003,1.0
3194,66.47425,-0.16808501709531146,1.2398074249224935,9.259352953376569,0.33340707772915223,16.362940501747662,57.50965,3.5829404571043764,15.419624975225235,311.9883455524734,0.16043695144139633,0.17839672669488754,0.4727137749744483,1.9187362735885358,0.0019157360438853965,2.6421852518750004,2.0
3195,65.81466999999999,-0.13557290634053842,1.3082039046008802,9.306666298950278,0.4033448725991633,16.27500811945211,58.13181,5.615661797762461,15.334074593061516,320.05324501603303,0.1502652485053802,0.1806241172290622,0.4843363316003839,1.6826207444635664,-0.0013170882142869988,2.47232807855,3.0
3196,64.45083000000001,-0.050551564774380615,1.388611859675951,9.762650692571167,0.37761123588334655,17.205429125447406,59.5828,4.986142934722818,16.71810636700612,340.98226776527673,0.17777919918429136,0.18332128590610905,0.5085374352505267,2.5125174248068287,0.010158012153979157,2.8564607856000004,4.0
3197,64.14031999999999,-0.1541807731245477,1.4270035501611866,9.690580845990798,0.23812706469795586,18.368643648510602,59.77155,7.59846712023206,16.37725117759084,346.88055070415487,0.15422119987106875,0.18298738321757627,0.491074731716969,3.680241565013196,0.006276482232434377,2.4652331992,5.0
3198,63.27238000000001,-0.08311199631644328,1.4053035918299888,9.733204426429095,0.32101445999762035,18.13092896520366,60.6214,6.793705323872625,16.750393057410765,336.20029895699304,0.17955518037800602,0.18243774467006546,0.4765525010254677,3.4642462187491296,0.011599748591062388,2.82084088135,6.0
3199,62.9302,-0.09880720889062287,1.3857583842927066,9.771479046270278,0.4438523029284198,18.03157525052185,61.00696,6.3824410629168025,16.819646175382847,335.9484682802993,0.1840787487764823,0.18328557319977445,0.4796664071390775,3.2770643637546333,0.011663236654399944,2.878112697,7.0
3393,64.88334,-0.2033239600912431,1.3337206685943086,9.936740354345098,0.3781321059174765,18.911521509191346,59.21103000000001,8.280338054392368,16.935772323208088,337.8534247338822,0.1790215251652982,0.18593636575260944,0.5061336565248542,4.288883898653071,0.008610946998883541,2.86184191905,0.0
3394,65.36516999999999,-0.15354995682671202,1.38120327108641,9.599546787739866,0.3725227269566744,16.70860202552993,58.65423000000001,4.556352453339088,16.062296540807218,333.29597416574035,0.1715551722363118,0.1881475195513972,0.4874266343663942,1.731094987597119,0.003149152150243029,2.80645357395,1.0
3395,64.86537,-0.13199008968449988,1.3963606815114529,9.666140309423056,0.35457297638108903,17.137035235273526,59.13981999999999,5.818069620570621,16.354894800048974,343.3166115318685,0.16187531002477645,0.18499150295190345,0.4844114840231382,2.4090299070934726,0.006529461238176436,2.589263406975,2.0
3396,64.43915,-0.13500548092273945,1.3801054415380838,9.677894056968107,0.2959282603110722,17.014741868137545,59.5633,6.2218724855523275,16.428300841998567,340.18614930864123,0.1720253486649556,0.18438026342295408,0.4866941839584054,2.3420372410116084,0.007566973770723574,2.75799562,3.0
3397,63.65239,-0.04615129296666254,1.6593032255714073,9.86719387554242,0.36083474562731865,17.838166200486114,60.38231,6.1132197263220345,17.00376056416569,347.5867070802543,0.17780945557414468,0.18452073721196974,0.4797875276739725,3.083569162154099,0.011848981849269302,2.811048673375,4.0
3398,62.94866,-0.06435653532426855,1.5126825210292554,9.913664617773467,0.4302336811342755,18.381757411854547,61.08449,6.883092665446895,17.08324988894689,344.8635831059259,0.17962981164118552,0.18405770102588712,0.4761319503191683,3.547890114404602,0.01182893607394353,2.8012153699999995,5.0
3399,62.27307,0.017529762338451604,1.5049328438985554,10.014905598002482,0.4833063729914464,19.71576385171411,61.79957,8.86638340895637,17.379902826288575,345.89816527024175,0.19620222792293868,0.18329614350933168,0.4876584387368879,4.935294996927383,0.01400889495701274,3.045931536375,6.0
3400,61.80389,-0.08987662239493588,1.6466958815784989,10.378868805705817,0.4923884448721516,20.146046600357344,62.31642,8.96150242158996,18.07889726818735,355.8701126276506,0.20894807132661705,0.18417874967171352,0.5232540833303836,5.096047967061347,0.014962562428240234,3.2314163886500005,7.0
3593,66.19473,-0.22113449940696486,1.3327473736546875,9.817398803851873,0.4663859398720121,17.47173776371046,57.93836999999999,5.198888329218649,16.532880844223097,340.31371707443856,0.1675693602304426,0.1846421874903475,0.4877189013889329,2.731963828121108,0.005086113983251428,2.7384759801,0.0
3594,65.92435,-0.12396887073391838,1.2625212097046985,9.69437148523424,0.4446326541640957,17.214109675862492,58.06356,4.176479828259411,16.350126072863375,336.68693451019817,0.16799175827954338,0.18203720118888397,0.4759704960586713,2.186303660497236,0.0055497863985883855,2.74245296,1.0
3595,65.57275,-0.08885711355935301,1.2654456090817805,9.752452527252473,0.4600011625848986,16.793986637764018,58.43474000000001,2.3729922364364784,16.10170535310721,327.9358877228978,0.1665286442409045,0.18040197368806052,0.4846783227344127,1.2803005013245734,-0.0008126419275086282,2.712252871875,2.0
3596,65.19735,-0.16236766936324898,0.8053712106123904,9.82198279727329,0.38317951533188577,16.695785213675734,58.81505,2.3410769955272306,16.132035737185713,327.3514466681735,0.16621834494305546,0.17801777594017115,0.4665112737472272,0.7296434671959721,-0.0023582933206249823,2.6906946345,3.0
3597,64.37063,-0.15244860048190745,1.4565275198369092,10.013209085801586,0.3275542664569357,17.219124261674196,59.6227,2.528872904205393,16.634715548746517,345.45385253645867,0.17031205409459646,0.17599040189547405,0.4642827122232132,0.991242312261388,0.0011182172624226716,2.7251306210500004,4.0
3598,64.21455999999999,-0.14868340282893655,1.3239197807467018,9.728285584753607,0.32877414042608066,17.117412768830132,59.626999999999995,3.926882237918973,16.082920402564568,343.0479416601898,0.15257126629454767,0.1736490509342646,0.467211290625511,1.5589722484538324,-0.0003550904086191409,2.4464141995999995,5.0
3599,63.78225,-0.07646603645421024,1.3889454167055064,10.247476189895883,0.3906634472895227,17.732704703946332,60.20072,2.4673483381365133,17.045991474214322,349.34648910944503,0.1751702770869845,0.17617621402589007,0.4678384847089157,1.167746621473249,0.0015232638661244464,2.7815439225,6.0
3600,63.32966999999999,-0.09974801722119507,1.4515342590311957,9.916557641876317,0.30797013204961843,17.45160333293796,60.55137,2.903661253658978,16.289152698578302,344.80732907272164,0.15847375124858087,0.17604362861453954,0.4732727451571215,1.2649509885439976,-0.002174979760664719,2.497880508975,7.0
3793,67.60047,-0.1934954003918321,1.0217873453286843,9.022363922342636,0.39157976955084095,15.540187903026956,56.32095,3.428657651723509,14.802038124746494,309.843341924908,0.15018593180867212,0.17617218665542175,0.44879965568871816,1.1253883010252077,-0.0027561056253331273,2.536876637925,0.0
3794,67.29863,-0.115113302533441,1.0887985371219546,9.326033624229414,0.3882984386730932,16.155585124401625,56.65079,2.45538374287216,15.25566432464581,300.01030204279937,0.16363477861366515,0.17414345339643206,0.4694790412216157,1.353088319184561,-0.0036150825507654813,2.737876514975,1.0
3795,66.89161,-0.13892514499140418,1.2586284902082614,9.552886302128394,0.4121436112061758,16.330290421927284,57.10541,4.0379576440071405,15.70692224962304,318.63336552787143,0.16453949961015538,0.1737941498282558,0.4694306679929752,1.1612762388400135,-0.0020265128781562503,2.740716490725,2.0
3796,66.0765,-0.04332955294442797,1.2274020726542585,9.515421007667623,0.4257768830866837,16.243204316521712,57.85798000000001,1.731649181090202,15.572116336991199,315.1721393694678,0.1628299467259455,0.1728050363573517,0.4664127876086184,0.936008331854687,-0.003446056079115412,2.67262923375,3.0
3797,65.23159,-0.11445540021244582,1.2405967198743608,9.532796759273207,0.3518334953816691,16.291965593020127,58.59921,2.9811503247533886,15.609927300576324,315.7108377534184,0.1614176714922647,0.17144588805596114,0.4695534525052469,0.8393428739343172,-0.0032526030071060585,2.6130144164249995,4.0
3798,64.52466,-0.07782918848692333,1.3573160204858103,9.897275870975015,0.34807059192829826,16.91870490150161,59.35791,3.1752274657229167,16.47489908969817,338.9758512411742,0.17438708083851598,0.17296121930255506,0.4749113024077802,1.1394303760746691,0.0017220390527092901,2.8113394362,5.0
3799,63.95701,-0.08783694975683431,1.4376697175087745,10.103907925379877,0.4173401127756797,17.808632682870282,60.00736,3.5223046805154823,17.054472086095732,348.5939404611158,0.17800532394077656,0.17404782331102256,0.4604424804265354,1.7554109836285008,0.005871829029993503,2.833295543,6.0
3800,63.69024,-0.1387360673730349,1.4386085391327044,9.960887747777868,0.2556762948450668,17.336645446543354,60.20991,2.8569276361700027,16.717501839212698,342.5418572757542,0.1733177630167286,0.17266736331637633,0.462181765367164,1.3980089694834297,0.004188482620634426,2.7485523072,7.0
3993,68.7663,-0.1693145343784508,1.4184675737475971,10.531555424672296,0.4451590763929474,19.29741148260084,55.80326,6.689919785718838,17.866561185758794,366.86646080762665,0.16382956300913576,0.1767848287677404,0.4895982677547206,3.243473809710064,0.0075731837810590905,2.81443274325,0.0
3994,68.42426,-0.1720363241019811,1.5352914005286702,9.849212803218798,0.4268109293312747,18.597334529747968,56.17429,7.275352157288556,16.809221363708616,342.94339460331526,0.17091907001004966,0.1846260499328206,0.4863189040314615,3.688094269094288,0.009025860635950124,2.9148734760000004,1.0
3995,67.73376999999999,-0.13795011342513774,1.3699866928149207,9.9075251754014,0.3793283738933866,18.73523907286997,56.78473,7.220939986203536,17.17207921317825,340.18602613968346,0.19330506090105654,0.18148070391005588,0.4841532972407929,3.943066488866304,0.013528603138853179,3.261211691075,2.0
3996,67.25719000000001,-0.1216883995377529,1.580819153774471,9.766358376817431,0.4530017741839032,19.144312683563303,57.13154,8.343100153316518,16.736291784553075,334.85828706679354,0.1840155709917972,0.17945325169149098,0.495191599919853,4.488921606490417,0.01025450343731038,3.0723084392000004,3.0
3997,66.30588,-0.15686348822862686,1.6164208714002413,10.031120826605557,0.3751740245692403,19.26709103653929,57.98974000000001,7.359242609237702,17.28668088672215,340.8617617830158,0.19936149203374454,0.18493339271943507,0.4844251709499385,4.0629642521340426,0.011866221081782258,3.3091607061,4.0
3998,65.3973,-0.061266258246821075,1.644381902348335,9.894825854891023,0.4433625626536397,18.38720407135556,58.80756,6.0447906719555045,16.79809497133931,339.37593104382773,0.1765208148995063,0.18390369124392425,0.4944656380361443,3.1522374396113566,0.007499154237203044,2.84886988125,5.0
3999,65.09295,-0.07169789441488916,1.5632759701384498,9.577788364415603,0.4056555305644096,17.194510984203884,58.93107,5.549623948376817,15.797876908361127,344.6725817767659,0.155995252397292,0.1819038960858194,0.4888989269010988,2.208805827693457,-0.0011288429471649766,2.532929416875,6.0
4000,64.64255,-0.011054672391917821,1.492348659498354,9.64653155714928,0.4253622385015845,17.063358728869193,59.40565,4.9442455283610025,15.900352986649047,334.1250624879856,0.15852340778700466,0.18368865075073385,0.4914453370594027,1.83881435445274,-0.001331839728268891,2.5462700444999995,7.0
