Ai,ETp,Fs1,GQ,MET,Pmax,Pr,Pv,Qdot,Qsgf,R10,R90,dF,dP,dt,ser,dw
0.40166011755734077,0.5019908759157021,0.9051683976769919,0.7359441219164203,0.6159805191415163,0.6446580448982377,0.4278679663672799,0.5212032173332194,0.767096522635253,0.7970562667531018,0.6324213824816026,0.8266077086600817,0.43676447065528984,0.39682021549121493,0.6812387337682554,0.36962541013747274,1.0
0.4311108018410405,0.27023221413903703,0.9036851198561211,0.7372102605849492,0.4787773591796956,0.6407988887400754,0.4012416493732822,0.5030470089294137,0.7649540276488724,0.792960937433666,0.6245748315315346,0.8311609238070387,0.4650218104273414,0.38622145433720007,0.6518453305132108,0.39146952764225534,1.0
0.4267775967916701,0.21041004130578295,0.94765481727903,0.7428136318925327,0.43992085004759246,0.6383471098189105,0.40689871241434405,0.49843620933478555,0.7641505641127333,0.7948480132414177,0.6192704497245789,0.8424008798426089,0.47976093642606543,0.3703825610612095,0.5947703080540487,0.38365177746332385,1.0
0.41648898627740294,0.2782830044659177,0.9094259179325127,0.7455530543886906,0.48014359366815595,0.6487113049611241,0.4164551222371476,0.38574207840949265,0.7710222049625968,0.7954233760651404,0.635911697037044,0.8444196028975668,0.48092031382756506,0.39100341097912367,0.6294065748821275,0.38577096942577244,1.0
0.4071044226724626,0.2834916465722587,0.9294103944658446,0.7514913226205175,0.500102294249134,0.6613617605100194,0.4265444419273437,0.3917052995550594,0.7763293362925098,0.7944510534744235,0.6513821505555828,0.8495848617636849,0.4826545831732526,0.4049157416058291,0.6224371056229091,0.3870478258558077,1.0
0.4009801652164898,0.19672935667945,0.9465192071792542,0.7585737875783822,0.45893361425294754,0.6498971324160596,0.4337585944406366,0.360366873395502,0.7789228109536346,0.7962140484829293,0.633872810008271,0.8494747166151454,0.4803049870580375,0.3705451343241619,0.5829795091652376,0.3702222480133956,1.0
0.3935722633977451,0.21374843671656055,0.8770465617823596,0.7548800219777239,0.4508180450788544,0.6594992888997141,0.44234725799260866,0.3833788767032179,0.7743895949265129,0.7823506646397181,0.6487921772172436,0.8587114932363443,0.46379754460116435,0.3949052365647652,0.5760277599684968,0.3726395246365572,1.0
0.3863343496642132,0.20464917666772295,0.9234194503529289,0.756218058350608,0.4468768282313146,0.6553140219979705,0.4507500557323489,0.3718793031915141,0.7706691007437028,0.7829370689012948,0.6380732183251144,0.8673673649850865,0.4675133418111999,0.3708296384066745,0.5319453079270657,0.35838258946525436,1.0
0.5529750755147571,0.08302182887755848,0.7174490037622484,0.8239409820052566,0.4161273126384322,0.6980912628252498,0.3164584772971534,0.34285857363336797,0.8206066632508048,0.8343123263047968,0.6718000582729708,0.9621937019798147,0.44922021593812034,0.34438824458322,0.37604187084823,0.5395409407894947,1.0
0.5514880703015052,0.08776740457821805,0.7212422909702174,0.8253751321543719,0.3951266371740409,0.6940202595197131,0.3175834376189761,0.3423467922776937,0.8256705688844194,0.8369168687148312,0.6783909542634884,0.965852308307669,0.44902033697632254,0.3360564489516168,0.4059438053812475,0.543694888094492,1.0
0.541822891444785,0.1549654993944325,0.7494513693129492,0.8272494692318832,0.35788443198618003,0.7044730763607991,0.32351174163034196,0.36407076249317777,0.8268636185463388,0.8345775517201671,0.6869045224956336,0.9640617083201084,0.45323925251757635,0.36735916068301305,0.4007960830093337,0.541429755529333,0.0
0.5383951534224126,0.0972865247739441,0.7299181053949054,0.830981347525513,0.35877740120185153,0.7135252253480413,0.3258984430104383,0.37168711100918383,0.8292646117755986,0.8362668326221285,0.6915626409769893,0.9640188387170123,0.4492269252429292,0.3736838276524388,0.3900927377513037,0.5419910742105354,1.0
0.5256601061963995,0.07892439818529826,0.6989969156558897,0.830417509095871,0.3817725253334093,0.7198351059937609,0.3334991525814577,0.3959335093188854,0.8303890016920104,0.8418052279790149,0.690659288542242,0.9616370833182059,0.4567553385944835,0.4002451281878931,0.4037456383141869,0.5284840984856594,0.0
0.5515211590432383,0.07682312847310352,0.8475657631595774,0.818336460388716,0.4039524008188291,0.6980594285134307,0.3168564434926517,0.37123668246513725,0.8252311552371632,0.848535907753826,0.663722090463129,0.9619794369159786,0.4582675048478966,0.3681472123138722,0.46063788090519797,0.5304886479015537,1.0
0.5428577311916065,0.028872411220698283,0.81521598857303,0.8233150221555842,0.3751980121263309,0.7048479123073109,0.3230301728829225,0.3755500541423573,0.8314926308663375,0.8446711998148589,0.6894378889499958,0.9631721289691421,0.45914530950154636,0.3786070318566312,0.47073784182537354,0.5447495066828147,1.0
0.541543412287142,0.05017729558702605,0.8258578522253853,0.828023215438303,0.3726010083518847,0.6977804956341181,0.323494402319265,0.3922209552752907,0.8407165465120093,0.8579433414106443,0.6927142194125182,0.9616487684728798,0.4631863689237434,0.3688865439979412,0.5066557244491162,0.5457107360030311,1.0
0.5293698795882227,0.11342136099169786,0.7376016221142188,0.8261229758454206,0.3435652778928834,0.6957398504949084,0.3309464708072233,0.35904421784680307,0.8318466948788097,0.8472929489665745,0.6874797167670039,0.9664156121652852,0.4609490582357809,0.3590115263457425,0.4505775285764944,0.5294213061732622,1.0
0.5200892685967959,0.07492222465823861,0.7001562094611377,0.8282861331143472,0.2986081822513162,0.7101943424149179,0.3374807482886052,0.39185670463973876,0.8307460846339801,0.8373987073677438,0.691763275855051,0.9678003562462408,0.45666859976664864,0.38931635087108674,0.42382899972077814,0.5233112242314538,1.0
0.5892366441483341,0.05593366367615684,0.787025542221732,0.8048600381752743,0.27196291665715544,0.6854740296146764,0.2979053177572175,0.35772068313369154,0.8044228690866817,0.8211030113579463,0.655442122175,0.954215602403107,0.45447009476733996,0.3573624022295076,0.3994942206894597,0.560634783958655,1.0
0.5853502081182446,0.06609166056667261,0.8209705510808895,0.8078830650041813,0.26268906378951196,0.6781861720380283,0.30029878726989034,0.3610065117129615,0.8085042363244068,0.8242366922885299,0.6586130078857225,0.9531337314989367,0.4482552746289719,0.34051524724471477,0.4056359223004118,0.5593732428601975,0.0
0.5792168619091778,0.05687459745782562,0.7646699418163274,0.8103364114118601,0.31440052441722066,0.681198790716669,0.30362210151096625,0.36580197895318795,0.8092942554341539,0.820006152886027,0.6652106806474697,0.9525700278635603,0.4560787991876467,0.34469878724754466,0.39447487916561186,0.5592865961328477,0.0
0.5728070187895768,0.011721703826831605,0.7049303108579577,0.8117671059326175,0.3565556008437096,0.690946853284186,0.30730876778379207,0.3668297415498483,0.8109031394609137,0.8163902661533119,0.672995610929783,0.9533804164036128,0.43759835598283076,0.35841284468652,0.39300177665856306,0.5596395588732058,0.0
0.5604687524408273,0.13641179848624263,0.724285288706912,0.8152285790981887,0.43439725904220644,0.6980115260132908,0.31415022179653895,0.37763249543981564,0.8158500362391461,0.8225343453209705,0.6789652777704798,0.9530516002920835,0.4616349664517424,0.37172532580032835,0.40559054484650164,0.5529555266828663,0.0
0.6291196548546012,0.048516229608946325,0.851702311011722,0.7983425443529945,0.3110533870287456,0.6759723039311448,0.27907202198701997,0.3439056714895229,0.8025303312534414,0.8221782552301914,0.6482403889505564,0.9495864845573372,0.45087836172637086,0.3426155711812801,0.4355249260129208,0.5911528606565208,1.0
0.6206074695349256,0.03928332207717324,0.7458995960892978,0.8020694760151773,0.26089906508918415,0.6828967956962548,0.283528096016983,0.3587985778408716,0.7999300695400576,0.80711389647438,0.6606121203429665,0.9560414787139141,0.4462061304443272,0.3577793008232954,0.3819024468630557,0.5957990005503395,0.0
0.6090930134470942,0.07339549839866372,0.6997347644419519,0.8073524374896726,0.2742076810813696,0.6752891404139926,0.28903229594942415,0.3664810195092398,0.8067180245413044,0.8141682657232027,0.6643639733653451,0.9566076666998257,0.4518109194573575,0.33897859241601086,0.3949066799521854,0.5884295143745316,0.0
0.5976352200543337,0.03658002310966692,0.7360860273771711,0.8113700854233062,0.29025077800287347,0.6801403739972398,0.294702637422017,0.370313241626671,0.8156158549094951,0.827607351119292,0.6660366083399802,0.9511641021446003,0.45518104387772446,0.3428671460331875,0.4359173581191426,0.5788644216724055,0.0
0.5923334947533752,0.04994407948979358,0.6704869629762513,0.8148847286308145,0.32382200957213036,0.7031212417021409,0.29761241876266875,0.39641318869047026,0.8201311249432169,0.8236229376194938,0.6849160599703645,0.9589661024026738,0.44326201001526594,0.3891294193895873,0.44416769180769733,0.5891517354965397,0.0
0.653666956844044,0.03241949302841788,0.777585347931291,0.8045623471199751,0.26842268765376737,0.6822952560769904,0.26874307817441284,0.354383244328,0.8026012828186714,0.8200039966544344,0.6451088037924484,0.9451506085555518,0.45457112264075833,0.3520858259104604,0.3871866309669417,0.611055288469262,1.0
0.6483690658607972,0.0,0.747775105646182,0.8072634591974301,0.2932035635171964,0.6757970912916235,0.2712160571302583,0.3555958174185536,0.8043648146059349,0.8307467156783428,0.6306360640355543,0.9471506233659621,0.46021698735764155,0.32435798693403045,0.37950878644235014,0.5914177271634363,1.0
0.6364831069902451,0.0,0.6576069527045507,0.8073393918132202,0.29393750974713184,0.6640727471422576,0.2766056822469401,0.3041229072048514,0.7994891761235677,0.8188711183056218,0.6420953318937492,0.9530181976201768,0.45233214220364176,0.2940877484501588,0.3367344467632656,0.5930818418063335,0.0
0.6244798464000727,0.0,0.6650876570402839,0.8119107983288764,0.3287509168307411,0.6726895399963827,0.2821394041290959,0.32585158911337647,0.8042182332720591,0.8180373365093407,0.6506291661509402,0.9587134241174946,0.45433267149009504,0.3031783378113002,0.3384660443128682,0.5898454964757506,1.0
0.6198087953567831,0.024258547441749174,0.6676938488999232,0.8135062867171119,0.42803240940292653,0.6764440074472788,0.2843222558018287,0.3233987894206722,0.8059612245579375,0.8163388649982906,0.6568486347827557,0.9608812794237309,0.4592545839727358,0.31154385692433584,0.3394383850866218,0.5906528251844939,0.0
0.6880859227995633,0.014979011731860286,0.7700123824870879,0.8087271518409079,0.24082641748772526,0.6764071975934663,0.2556758768381644,0.3291644220969497,0.8018918068142633,0.8242056331538495,0.6285567904292867,0.9569752544937417,0.45380342981774324,0.31920209428391244,0.3454515024896798,0.6250485099427396,1.0
0.6837085520906262,0.07568255374345695,0.8111110799682107,0.8095453741377013,0.26100301842467405,0.6710089730680932,0.2573279457708857,0.32343383895134964,0.798668462595617,0.8151992709408186,0.6378052818630802,0.9652583476746065,0.4424116729409833,0.2944323416465377,0.3105642123931382,0.6319252077783645,0.0
0.6702330555109796,0.0,0.6389177627568821,0.81286574750114,0.29210659987852455,0.6818130070804401,0.2628793292561458,0.3544856345448257,0.8011784471765295,0.8181962095931895,0.6327125190183468,0.9681690103827392,0.448570945775053,0.32561113544953113,0.3041922332177529,0.6129181782827409,0.0
0.6636865970714333,0.03182390625447214,0.7336558275058866,0.8142011920138879,0.33953228459794704,0.6739653856902983,0.2655549009804478,0.3479425792235534,0.8020495576188115,0.8226728357146472,0.6338370282809911,0.9667003955312498,0.4419520767315301,0.30911473704338194,0.3002297937520838,0.6090193117824714,1.0
0.6552732519416559,0.028154031590645175,0.6990118047709215,0.816919810169027,0.3492396117768317,0.684601450727465,0.26946246620888953,0.3401603249089117,0.8037686137403647,0.8186498040416851,0.6404568357337082,0.9750811850266984,0.43437057248794325,0.3211620418391002,0.29196420895887026,0.6068486379279434,1.0
0.7253219761789461,0.0,0.5787595243486882,0.8600201027931142,0.32603828378826144,0.7234832938922439,0.24204972443870507,0.3647794886425353,0.8454122857252024,0.8578957197422781,0.6075178281106196,0.893154059685602,0.44622418601275415,0.36408200081962183,0.2904871207657381,0.6400232440417966,0.0
0.7297824237716336,0.04684297893153919,0.693381127206985,0.8191568882884296,0.33372626672158484,0.680867400042805,0.2409112278517293,0.39506968656661934,0.8125036624948041,0.8340405232760301,0.6288952125771373,0.9478970870588324,0.45142992395720855,0.32678106317567446,0.34821907879206154,0.664267178255597,1.0
0.7266729341193211,0.028311411232897193,0.6836372444329835,0.8253699911809799,0.3171731788623664,0.698667651350567,0.2425843424538432,0.35692072913834266,0.8164980462850238,0.8337222058070929,0.6375080546718754,0.9603542108751918,0.449143222077453,0.3484062127095407,0.3295897451076144,0.6700529610541267,0.0
0.7231753263075378,0.05189609523770733,0.6459405129644197,0.8259999268951479,0.2786463291245723,0.6846219241117466,0.24377040934407096,0.3198215060158432,0.8127816773546251,0.8309373075177552,0.6365615764234264,0.9630434727666858,0.44659830559117614,0.30839473333851,0.29263881190772717,0.6665478867673519,0.0
0.7060614882549168,0.11802456114860273,0.6547408632789673,0.8282536438679564,0.2756427353659154,0.6945028436493843,0.2501791218515575,0.34123839882575285,0.8163270695515429,0.8261909450433746,0.6508866074405035,0.9668718485948334,0.4526828001540714,0.328418811529662,0.3039188290484714,0.6659799301487834,0.0
0.6898897562652041,0.16740285313135236,0.6124000795591912,0.8346743550445361,0.3227484116709823,0.7042322931554454,0.2555081560670781,0.3690934070763614,0.8268619650642183,0.8314838280407175,0.6716559245095491,0.9652864349726297,0.44666273909266785,0.35218934037575594,0.33962321911523363,0.6726285616376391,0.0
0.7439720975280012,0.0,0.5838274726151569,0.7997598409426894,0.3863663031962415,0.6393584971814771,0.23603188770211297,0.1916034785439784,0.7597435534413903,0.7741635913151891,0.6154819521173321,0.9806770681406505,0.432752461331978,0.19228386384310203,0.04394472162080247,0.6671015787548533,0.0
0.7403418507257511,0.0,0.8689302312494833,0.8227548430503896,0.29510459300480035,0.6991088814247093,0.2377756809458471,0.4059475736997171,0.8257010547458434,0.8494043609268452,0.6343984609495594,0.9490184317694151,0.4656894786163425,0.36583628086192244,0.4283300950504088,0.6801487851207904,1.0
0.7399758864019472,0.0,0.7392727865888246,0.8309548133099051,0.3031964984286503,0.7044482741717694,0.23816017533459796,0.39358180514688934,0.8341310661546413,0.8536593566964573,0.657621443049874,0.9518530855490501,0.45848009392310196,0.3723237719665406,0.42984602771931224,0.7044868030125131,1.0
0.731953073631681,0.0,0.7050632326989158,0.8320790306058026,0.2759758692946865,0.7056137473802158,0.24067769504863729,0.38872537587069733,0.8301980945697118,0.8399081007779573,0.6654173842653033,0.9565379167265252,0.4573685903441264,0.36594578852408444,0.38863893670112487,0.7062359587275845,0.0
0.709095711670669,0.0,0.6460053666395994,0.8326577606738405,0.263329010603474,0.7348060730988183,0.24942199342066604,0.3951463071953809,0.8214735294605717,0.8158530948277968,0.6919428775322332,0.9752778952117002,0.44818582181437366,0.40052871309883264,0.3109504833322255,0.7145523958607695,0.0
0.6974481905570694,0.0,0.570590861711913,0.8310138634402484,0.3906843165504618,0.7254002917922916,0.2532589122366902,0.38233171944295286,0.8144044542196383,0.8237291294222286,0.6569356886143628,0.9757620431986529,0.44393294862869526,0.3777574407585733,0.26456387005916526,0.6636611913217633,0.0
0.6755670174830686,0.0,0.5887911931521147,0.831351652238469,0.3563622831315901,0.7236397936675305,0.26161736259345303,0.37052521825976753,0.822957546294968,0.8170897980711433,0.7018087444403708,0.9719067832502225,0.44801423169824345,0.38065302451332594,0.331995892954029,0.6931242249697153,0.0
0.7822445527836436,0.0,0.4173584943929007,0.8067296958471714,0.3293444178922506,0.6514187755695583,0.22460547507762485,0.19652509051046155,0.7671227611211645,0.7780032490313731,0.6045707860308381,0.9701075093867869,0.4297292796933056,0.19488600955744784,0.05247879922508344,0.6876395057055429,0.0
0.7816882926919323,0.0,0.5828028615938973,0.8146586325172664,0.3168667403582743,0.6652616477455133,0.22533417735169484,0.3747708758455405,0.7910596680791728,0.8256188204771241,0.625049639013185,0.9624745657893852,0.45550112037724205,0.26614915351685153,0.20027959021156944,0.7115510972495354,0.0
0.7826453099903857,0.0,0.54097015735262,0.8166533562359373,0.2849065116905307,0.6572537204464904,0.22520345570536013,0.29014440245424644,0.7909544519439736,0.8187569506722764,0.6205640463411943,0.9777701694736696,0.445279018967121,0.2280619329776577,0.18177558662542315,0.7056801990293252,0.0
0.7696816238193498,0.0,0.5956339250666259,0.815717419222777,0.2645658449059279,0.6584989762537995,0.22924393416592323,0.28334576214839696,0.7905508474432081,0.8105461581074935,0.627026625523812,0.978965923864257,0.4422220348542687,0.2403232730783359,0.1863777819606572,0.7012549677993891,0.0
0.7793041991459413,0.0,0.554988397005885,0.8142264584517773,0.31804676982162805,0.6641606285181954,0.22639177863978002,0.2611976453339181,0.7941938971195744,0.8062545829373395,0.6489366481093218,0.9824767884696847,0.4377250309083944,0.2542436635172923,0.2311307494435151,0.7349893834534228,0.0
0.7746575741265921,0.0,0.5982826657820426,0.8257081573759968,0.29305766568488617,0.671094356493197,0.22776052065116792,0.2860617388693124,0.8049286339497063,0.8193877844862371,0.6448782215140214,0.9806744937141622,0.4332256604207179,0.2619740839810926,0.22558060355684512,0.7253583734607095,0.0
0.7564932750327691,0.0,0.5862146880371866,0.8258097554593107,0.3770951442510136,0.7087443040717976,0.2335047636856556,0.35077836868365736,0.8016002423677668,0.8166829630168742,0.6373644116677476,0.9863930236866099,0.43800089292658034,0.34145221472877996,0.1975193273260166,0.6960487468570487,0.0
0.7435829852861607,0.0,0.5045933536242777,0.8257792874366914,0.3416340145751748,0.6972575116699707,0.2372409340138981,0.30803300163390185,0.8032656364601668,0.8098734685628821,0.6638032302229636,0.9829538234670986,0.44288438292671684,0.30349502045748367,0.2124740427146873,0.7186088133490669,0.0
0.7933075534638799,0.0,0.4708903065995513,0.7728009696698357,0.2997666261389663,0.6274986277060619,0.2210331902453419,0.22874393153436579,0.7348349690043893,0.757221059988098,0.5734452403342324,0.9448107834008299,0.43509156776539504,0.2203546268377454,0.05104111002681118,0.6563611650757278,0.0
0.805987358112493,0.0,0.4783985716824085,0.7787420728968658,0.2395456466159713,0.6241500950903661,0.2181936363374721,0.2645568590328017,0.7436458820180609,0.7792554579648726,0.5727041792450615,0.9506091380223239,0.4392012367836749,0.19343859496458202,0.08119501931214292,0.6693094900488138,1.0
0.8117276157502411,0.0,0.5194754469928224,0.7891413965409025,0.25634873063704455,0.6538072180173768,0.21690298568433605,0.3212507938085608,0.7685323952525026,0.8002152421047459,0.5881787372724108,0.9413748004804131,0.43868973604896155,0.27600049533987864,0.2205042060576333,0.6905756583490512,0.0
0.7895824428012106,0.0,0.6668934761090818,0.7959643183511073,0.2641809511199954,0.6664195101800673,0.22325665071353362,0.336838078184159,0.780466874273775,0.799264742419837,0.6125072413247233,0.9418118372105934,0.4373385611428657,0.30386212472387497,0.26799588512145806,0.700394992856987,0.0
0.7771202001797868,0.0,0.5788883338145692,0.7983346309517275,0.30554019778873154,0.6731573811638119,0.22699543160719848,0.3370642224282332,0.7815007951347044,0.7950960699443904,0.6153867491846552,0.9416581716406378,0.4414645684420103,0.3173120159276314,0.25662505532408525,0.6908447965093093,0.0
0.7690681329854991,0.0,0.6431218684413624,0.800428772737553,0.33240144163791835,0.7130604059747295,0.22930317144056897,0.40191034609320797,0.7863864230647533,0.7952256174382353,0.6320604774064367,0.9478253875325352,0.4385519698879481,0.3912174259700669,0.28152396111818034,0.701328750907578,0.0
0.7504350530484954,0.0,0.6923289398258247,0.8013116760084965,0.3075604061430992,0.6799827445009853,0.23526683088734635,0.3293468126102766,0.7832700424705775,0.7938965217102956,0.6224758717399675,0.948636302338012,0.4285481278486592,0.3157684685859902,0.24667426480881946,0.6735141559641573,0.0
0.7412241698347125,0.0,0.5850532655434308,0.7968179692897677,0.2918160600654646,0.6803777614729616,0.23788648494488535,0.3332082973178899,0.7806635630943491,0.788205660638111,0.6279213914517804,0.9547857756597284,0.4343803702846315,0.3188579017328514,0.2622882278540394,0.6721707124038326,0.0
0.8587982680244884,0.0,0.5237294757325975,0.7776804856548167,0.20736609690234215,0.6294412054641826,0.20471241866275822,0.24413072200702782,0.752964370880439,0.7739860524691952,0.6002045224865947,0.9522388814461941,0.4146062867732686,0.20750266689146707,0.176029318317039,0.7506954377262046,0.0
0.8474016817033458,0.0,0.6090991315690608,0.7915214836226008,0.1948153807171506,0.6566006271740042,0.2077873746674792,0.34686322402608466,0.7706012403933503,0.7960907622498389,0.5851863512589465,0.9234650216119936,0.4496556797790409,0.2897622380262339,0.2151282556943888,0.7198590236254215,0.0
0.8459449249964851,0.0,0.6274845228958333,0.7940020246171997,0.2203820034843278,0.6722800912000578,0.2083116793377389,0.34598104262527946,0.7741820593006374,0.7920074596671121,0.5880003799205302,0.9233516540426903,0.4520715739106082,0.3247612416353326,0.22592334847086257,0.7153053759053601,0.0
0.8343015222241313,0.0,0.6441288402887696,0.7947509919106829,0.30897455851324496,0.7089503170076886,0.2110822305225311,0.3964109046680312,0.7845596684631112,0.7860735650919047,0.6447951777307821,0.9209412293749374,0.42813621279178954,0.39637481087549487,0.31222519266222964,0.7803586725322503,0.0
0.847119504322128,0.04537177512734066,0.5990472674539002,0.7852154464556463,0.272772397241741,0.6940336013319884,0.20793656364698695,0.3697912369411929,0.7760239261722939,0.7766874956872173,0.6494351609272196,0.9310893365874624,0.42659829379897257,0.3741481391938234,0.31980397754858503,0.7997273408291284,0.0
0.8330955582979606,0.0,0.6217511593630536,0.7918542920700968,0.3226550657901529,0.6893879866458312,0.21146301855296618,0.3481047360472486,0.7753502978592325,0.7794174999068458,0.6421040967838545,0.9333928479088925,0.4331815999597744,0.35157855684620515,0.25537291981977456,0.7778195432679882,0.0
0.8214051496306983,0.0,0.5211271625064684,0.7834206076178403,0.29503529720943955,0.6787383619899698,0.21445456538098256,0.3230721575810901,0.7641435769886905,0.7761863731172383,0.6111687090580458,0.9358140935841425,0.4224402960357682,0.31683592479826683,0.22823884431783317,0.7258007332828276,0.0
0.8086794751813136,0.0,0.6034642258013979,0.7872133052494042,0.3264326264299592,0.693934051007742,0.21804454404557264,0.33917866698553684,0.7750894240644433,0.7688546539444405,0.6680756675754197,0.9372673275366811,0.4211400122830724,0.35061762410498204,0.2936503045970963,0.789189731035645,0.0
0.8828285051699383,0.036413244867534084,0.4257695193219363,0.7080150356350637,0.22371953313092546,0.5915222078767428,0.19835134091692924,0.20435755931297064,0.6814606558944194,0.6955032768280852,0.5381876865354177,0.9322404308435501,0.3987162993354207,0.19705242967514858,0.1337578860681912,0.6852679391490462,0.0
0.8762283662824301,0.01290973094349939,0.493327160870945,0.7463852187327972,0.22853231360786058,0.596193046738062,0.20037481918208666,0.1982355286503033,0.7246323382307541,0.7406995982538626,0.5827811598576268,0.9615343744462412,0.40607516179062686,0.1563567660784242,0.19760529602503069,0.7434988823433535,0.0
0.8702417182287724,0.0,0.49898589499647755,0.750857413146405,0.15593233674654586,0.6243665302036474,0.20178007688018484,0.2622761910463289,0.7354645360222065,0.7519519951207863,0.5701033573640649,0.9641693142677975,0.41692697968311826,0.22796927695728447,0.25637127759807365,0.7177822617604254,0.0
0.8718541198323693,0.0,0.4804109375092832,0.7588809036214674,0.16751220991788715,0.6905212316689022,0.20130382595121835,0.3916048675179268,0.7594386506061808,0.7539466036302263,0.6440907295468483,0.9541766648069309,0.4059729150522376,0.3944288382273469,0.404450173691476,0.8166646898550185,0.0
0.8660708326291916,0.0,0.46679144242132653,0.7639851144223434,0.2316795005302096,0.6792078119400635,0.20261478100208394,0.359317164664455,0.7620100692651282,0.7599889838801742,0.6251203543070737,0.9568528694854411,0.4016706976065667,0.3523812977717806,0.3818704657850949,0.7839614097885564,0.0
0.8583228126282544,0.0,0.4998634155812926,0.7622663518628137,0.29241089130210796,0.684560809781099,0.20445290912225347,0.35829021851497234,0.7620028429420079,0.7498990907276027,0.659249308803693,0.9535090293648818,0.4069761077085494,0.3690622830298176,0.3971978804574187,0.8256733586548453,0.0
0.8655239453141086,0.0,0.4982881789395701,0.7525052839601131,0.22696931491691105,0.6760857787003389,0.20291973371845942,0.3590938578538042,0.7532874995986553,0.7435461721654875,0.6523555457086267,0.9443125801265561,0.4033373037317888,0.3689092033146805,0.40676405043142605,0.8246419187483817,0.0
0.8539424596722084,0.0,0.47535455985671854,0.7631348087831633,0.2794638330145656,0.6649984735444309,0.20558405745100333,0.3183656548521983,0.7614567609625242,0.7529222243124599,0.6503191814397311,0.951747392544689,0.4067801210723857,0.3244414680562101,0.38463911255330757,0.8103426269150552,0.0
0.8825907774718214,0.0,0.43131995867551753,0.739320452829586,0.21439002125586554,0.6021931566297406,0.198400200388291,0.17538829246664303,0.7159919379649039,0.7266534785602261,0.5877497907042413,0.9691807394522524,0.39700998792165104,0.17633048473596705,0.1798413111401087,0.7544075812633898,0.0
0.8794876783490279,0.0,0.4977615944957179,0.7588977124712302,0.17746861873276526,0.6082658256132273,0.19960015806490197,0.16670648598381713,0.7341518279851169,0.7557106445489141,0.5766688423246632,0.9723368063862158,0.41150241821235195,0.16668523556676706,0.17252544301601064,0.7363897658008086,0.0
0.876077265762241,0.0,0.5407794452918941,0.7830018320165343,0.2485788142306367,0.678953427425506,0.2009109519697538,0.3510581937070939,0.775241563862028,0.7699761502026276,0.6593938360968788,0.9597312821850856,0.4204193217862388,0.34043323981662527,0.3312455090124784,0.8398693667427216,0.0
0.8628352365276986,0.0,0.4804080313075769,0.7781708471240663,0.2902446817756283,0.6953859357684409,0.2039842965143376,0.36875335549394556,0.7747652574541124,0.7613114741006123,0.6784288975732177,0.9682469903686277,0.41509147643923716,0.37747627877009804,0.3695609985089998,0.8551521603155141,0.0
0.8820671800865418,0.0,0.5305087793992462,0.7661505695580506,0.18264588846940713,0.6820859161579231,0.19919245865017463,0.3560337694113689,0.7611801100736851,0.7548118057527651,0.6506917058968552,0.9604040573199993,0.4118074135565756,0.3563255259693234,0.3548759581068157,0.8343420201191701,0.0
0.8737185923225599,0.0,0.555237954399041,0.7784566346844323,0.2854460661105451,0.690952710775715,0.20108534418580834,0.34467595900207115,0.7735791123651574,0.7625038956273069,0.6644140702300639,0.9515652109964239,0.4105763580578002,0.3506199465676275,0.3568879836462503,0.8458535997815371,0.0
0.9096555220565575,0.0,0.468377692093361,0.755006325681878,0.23297795591189424,0.608370213344236,0.19249249083747938,0.1573097908725352,0.7177618538755584,0.7454382475244018,0.4740545725505861,0.8681106869772868,0.39836232756592016,0.14363105227370146,0.05345985091908169,0.623811805084392,0.0
0.9090366347755574,0.0,0.4323517796888315,0.7322746602338346,0.16001296164211537,0.5859227850309685,0.1929325161425602,0.13812207502713544,0.6976906195719323,0.7164147627440844,0.5449302254388037,0.9320138803609123,0.40770172003524074,0.1363362522265879,0.06475302955882578,0.7174454197565173,0.0
0.8965413034124007,0.0,0.460583983043255,0.7409915511822511,0.18925255551805428,0.5980961134282753,0.19576945948500768,0.2366994844267199,0.7170775333032324,0.7464044302280678,0.5514776563368109,0.9432557875310279,0.40835173962429117,0.17523365334675803,0.17221362678227048,0.7155237811049515,0.0
0.8904911760988514,0.0,0.523087963746086,0.7452814532434933,0.15705318362041,0.6058520226055971,0.1971763608724458,0.24407776835962502,0.7241437066177534,0.753325203176582,0.5585863293282184,0.9445287836616495,0.41349241704800804,0.19028767562028384,0.2004775668203586,0.7203487053342448,0.0
0.8851481253736684,0.0,0.5381531670639735,0.7523070982085454,0.23415068857060398,0.6259434571555893,0.19854429715376498,0.24904491141323976,0.7385186575031099,0.7590067152146772,0.5734563966576824,0.9486987554833916,0.4100688021491847,0.2296660844024816,0.2720264730802327,0.7352605054080521,0.0
0.8774982355037937,0.0,0.5231962418052368,0.7517772557704071,0.2788861708351985,0.6277982812506226,0.20031419605172285,0.2611489787527926,0.7379851713138667,0.7533547550930506,0.5784080531360127,0.949353022160801,0.41575519118316834,0.23963940321834085,0.27536951139299276,0.7358706300451571,0.0
0.8679527725667348,0.0,0.4660090561190438,0.7420047654342712,0.20101859257968313,0.6393368907537517,0.20225655341357057,0.313464020835169,0.7353126057502529,0.7459563775017295,0.5843907210592277,0.938764286699552,0.39989563679703255,0.2956713385875961,0.33721008859889956,0.7332424615224554,0.0
0.8576131798280805,0.0,0.46747670517874057,0.7516248750669626,0.23940292499874424,0.6538033787927031,0.2047312405171614,0.31368079892745726,0.7450046711889838,0.7440644670023064,0.6205775832736361,0.9458466880721703,0.41389909737613334,0.307340235741212,0.33903700954312055,0.7729852169326733,0.0
0.9165301696898606,0.0,0.4366645011760649,0.724478534996857,0.22387660831524678,0.5960936800951487,0.19118985092092208,0.15760671206299995,0.6898612714081992,0.7112635835746567,0.5381034090969317,0.9497996928494242,0.4153924253651372,0.151680029242406,0.05974888012254523,0.7104076085070062,0.0
0.9131119464558833,0.0,0.45771930858183835,0.7307113377984916,0.17218218497002827,0.5986737715465141,0.19194249949263179,0.17396336126974307,0.6953107880546584,0.7136126099735094,0.5404413621004095,0.9511383231350459,0.40609330975511215,0.16917029273346593,0.05522339782300081,0.7118236684284744,0.0
0.9059642101944566,0.0,0.49753745108843683,0.7398146635097359,0.21326681206503925,0.6011707487852234,0.19358106438940278,0.18708387192507192,0.7130886893582502,0.745918994559518,0.5423920059005042,0.9489869176176785,0.4057411325997399,0.17936735209569712,0.14497628412917526,0.7086192115790207,0.0
0.8959151735312787,0.0,0.5086273053150892,0.7486849096607906,0.2828648316365719,0.6087571409912382,0.19619775336028922,0.21665739113032137,0.7245933618447987,0.7480801321447231,0.5664473757908804,0.9623087830035807,0.41081635108391,0.177025903824642,0.17577359149115862,0.7360095569630256,0.0
0.8929403110341723,0.0,0.5378807075100852,0.7539432406302506,0.3091133505261126,0.6705195246911595,0.1968776606214029,0.33400114760873106,0.7349653965784009,0.7529385742964281,0.5570936012445212,0.9606742313297437,0.4108277237222821,0.3159550864047556,0.22609706370037114,0.7094087671407595,0.0
0.887463911259687,0.0,0.5222875355605169,0.7387361164905014,0.29097880523212716,0.6074487975286235,0.19774630209379274,0.19147175116431708,0.7139925875375045,0.7364709450843235,0.5391820023544085,0.9592173250607386,0.4091303337282107,0.18164955786151857,0.16306356405231814,0.6875775446224097,0.0
0.8787408384658753,0.0,0.5033906367160653,0.7479779958663924,0.2493817284529631,0.6320657726272236,0.19982962998844808,0.27111233271894924,0.7331244009830983,0.7358558854843067,0.5989133631185867,0.9525648497760248,0.40150452851457263,0.25348711824164566,0.2615337672754423,0.7635347539456604,0.0
0.8719200132923014,0.0,0.48848478432161024,0.7409544262228542,0.3101305653164259,0.6070150498127311,0.20117700403841582,0.2570374153453532,0.7150488622432316,0.7574809469398208,0.5679270751275648,0.9554153890141777,0.4011999067168794,0.18794053066516048,0.15232238555652416,0.7224579128343176,0.0
0.9494730653381939,0.0,0.3997794311651819,0.7138858351709689,0.2129505734142307,0.5717265841604557,0.18420552485240557,0.12598576586447652,0.6735896219532213,0.7052406316850949,0.49657622775647725,0.9503709397923625,0.4083019484177597,0.11191979488230247,-0.0058187103049163755,0.6843395144693414,0.0
0.95069734878232,0.0,0.4000132657388573,0.70417867733501,0.20985516010405939,0.5768287977884616,0.18385674042029657,0.15554314164389124,0.6646049462184063,0.6822461414493646,0.4911884505681635,0.9300321136745997,0.4137709522719778,0.14486183656432836,-0.0032017986030661574,0.6756519154270865,0.0
0.9440125708816232,0.0,0.447934905507795,0.7115791894037203,0.16959961593544945,0.5784165204439677,0.18534901696580686,0.15400809677647598,0.676140562171265,0.6863504571634552,0.5319874008076508,0.9275816859102771,0.40380938246918163,0.15018832353450562,0.04582513392916384,0.726364090328107,0.0
0.9346457587475696,0.0,0.47264613891867674,0.7152152093568251,0.20517601470333016,0.5753081828810273,0.18735418904380502,0.24138201456819955,0.6723892333559999,0.7040926180893365,0.4982593988847561,0.9391631016971482,0.4137377950991835,0.1317064738046211,-0.03150525042782751,0.6796685942040698,0.0
0.9152776259040825,0.0,0.5016970455632135,0.7502575073259481,0.19208566601202137,0.6081978020040874,0.1920306141329373,0.2143229542398626,0.7330781296943576,0.7501348646562417,0.5894919670439087,0.9531871497555997,0.4344112622951946,0.19666630848502528,0.2429835095998307,0.7852706537582372,0.0
0.9108680185240147,0.0,0.5155677305616225,0.7447189558452629,0.12113197773629017,0.6493164809413018,0.1926389403347538,0.32661035638624886,0.7181318505364319,0.7631106352235993,0.5113768027362178,0.9514510079300328,0.4194939827416011,0.2880694540774953,0.15013583934140806,0.6777181383904991,0.0
0.8985422492107698,0.0,0.5077276671862835,0.7479945684037741,0.1632956609563951,0.6409134619385647,0.1953779391300584,0.2920187034967953,0.7344938801445743,0.7396148996495524,0.5953808823507584,0.9485931379456058,0.4070885625527625,0.271162503709593,0.27747039286893665,0.7754783731716413,0.0
0.893682890564312,0.0,0.5006661022082467,0.7509359643197158,0.22578158994536163,0.6374013896473224,0.19662056827110408,0.2743410371051026,0.7375305844867999,0.739060891454886,0.6103804281103901,0.9530014599564426,0.40974857495640304,0.25651091798378367,0.2789890514621352,0.7912229884466414,0.0
0.9214197768427091,0.0,0.48186519103798114,0.7636362586309717,0.19235062546741866,0.6685067678684884,0.19083242906247735,0.3559197032968296,0.7426226408110942,0.7432516497041334,0.5936113532803959,0.9667843733019459,0.43235786665877834,0.33571069220895555,0.20597712338306634,0.7867499830749721,0.0
0.9282623298166485,0.0,0.49902036742506667,0.7377230089681427,0.18949721118519017,0.5906353716838256,0.18903790705362214,0.1958489620418322,0.7043212938260399,0.7332256076242445,0.5688539289307133,0.9782813654636593,0.4163776446606922,0.13550077602897856,0.07532891574954052,0.771523153360897,0.0
0.9211645816972394,0.0,0.5044966479102467,0.7428407061136634,0.18036641880822257,0.6057801341057181,0.1906029249097284,0.2500822550373218,0.717151537869713,0.7552702420965103,0.5367568048466029,0.9618715172990903,0.41380199304523474,0.18856586393406694,0.15618719326169275,0.7118153270640645,0.0
0.9151117561601153,0.0,0.4986237282655424,0.7437439789657381,0.1505346546181468,0.6014571639229067,0.19196776718758404,0.26743920289991063,0.720370345236968,0.7483834650464247,0.5704129708717877,0.9586933502818918,0.4157519587539186,0.18332203947187314,0.18100488717568936,0.7582015599506413,0.0
0.9039388383721474,0.0,0.5994961948236216,0.7582916273957787,0.18355169509710711,0.6305645384265962,0.19460737112162235,0.2627689035022775,0.7456038811159634,0.7646641251487005,0.5895922931723429,0.9594237499728245,0.40985204054380403,0.24136515754740837,0.2834321470852273,0.7727863937833614,0.0
0.8939450442863695,0.0,0.5465230232533023,0.7618628934717413,0.21885398348424942,0.6497800417152666,0.19687044127998796,0.295860903644014,0.7490894364929929,0.7586734610378877,0.5956283496041632,0.9570161728043344,0.40672931276991675,0.2777096965861292,0.2829526445243451,0.7700831168440045,0.0
0.8843508713131969,0.013409999344543929,0.5437231118932997,0.7696432400044361,0.24585133524097733,0.6969360747712446,0.19917508710989493,0.38111011066241524,0.7620974755436335,0.7609494625346549,0.6505802580244167,0.9530564207493973,0.4165756604255338,0.3863082654660381,0.3350980891410843,0.8373581254572038,0.0
0.8776879632246327,0.0,0.594941237878981,0.7976137305575447,0.25047126086870214,0.7121462168756361,0.2008408534537829,0.38519867933341007,0.792747928823748,0.7828869827181335,0.6928437642959192,0.9576455706024501,0.44698276092238076,0.39889114067403025,0.3579101773368322,0.8883498323773619,0.0
0.9400430579677832,0.0,0.48151354547751224,0.7544648873494413,0.23724414256209617,0.617611593852309,0.18673074734590098,0.2234675419595097,0.7249561105593787,0.7486641043575479,0.5556375112036237,0.9600552360771889,0.41662730983259005,0.21384338897968236,0.1216617786178859,0.7528354087810993,0.0
0.936203343809068,0.0,0.4561412582329188,0.7450102656175281,0.22617854393556125,0.6085046523386037,0.18713422473506872,0.17952062482651449,0.7169424322730922,0.7406854605829196,0.5570381264498528,0.9465104943655466,0.40659139264006267,0.171132055002702,0.13275299893495066,0.7539287217444,0.0
0.931210210078007,0.0,0.4571978259968376,0.7494737806176757,0.23399629376685402,0.5936536476656165,0.18833050828256676,0.10200002550259767,0.7060493447057359,0.7214338281141285,0.5521866366433728,0.9380080565116566,0.4140299364243428,0.10021501576905073,-0.01943870361650119,0.7456264047425253,0.0
0.9258790883412599,0.0,0.2909757353218885,0.7548171662116325,0.19491817353503407,0.5901823079013656,0.1895562170921711,0.10062818983593176,0.7073793123913741,0.720148102570808,0.5511577258129681,0.9256113146683317,0.3985109792431198,0.0571125540411641,-0.05641127210965461,0.7396998220137567,0.0
0.9141386915319804,0.0,0.5262345617977208,0.7695128634238256,0.1666223709691114,0.6086819138324265,0.19215920865189082,0.10870035593084551,0.72942149635674,0.7599720085614446,0.5647319159956224,0.915069893482016,0.3966072605438809,0.07758910025533292,0.026748181711137294,0.7491666313630224,0.0
0.9119223138829281,0.0,0.47832418968272256,0.74761655652866,0.16724290415654636,0.6050864960177775,0.19217306720907126,0.16879199276898055,0.705225636798399,0.7546791889630153,0.5059058444127585,0.9028959354047429,0.39910895924349754,0.12202793664509101,-0.008493897467696795,0.6725446004958192,0.0
0.9057830031796433,0.0,0.5018175576955914,0.7875162376201389,0.1987251472632084,0.6268365610582962,0.19402212102897146,0.10605580142632429,0.7474556791530209,0.7685355107868539,0.5808411314789927,0.91603603188818,0.39964473135109413,0.09140490530475062,0.036437050342820854,0.7646752321929815,0.0
0.8993558346244568,0.0,0.5244305269434184,0.762085221722581,0.1566601899124529,0.6168998582454169,0.19515223802323345,0.12481015208414002,0.7142687893256906,0.7585497064747528,0.5254776924240278,0.915346648166482,0.40428687522744994,0.09901353872224711,-0.052026342117329746,0.686693221969347,0.0
0.9600062201153987,0.0,0.3691655726351838,0.693366635735032,0.1991912678526427,0.5493328911728453,0.1815179316354796,0.14737644841209158,0.6490597790171223,0.6816316135227104,0.49799639536254203,0.9160150913969612,0.3833810678054361,0.08808932451160148,-0.06592709356120874,0.6974136616928613,0.0
0.9557197369374026,0.0,0.39337630993235695,0.7167035839433042,0.19752209975815122,0.5710866779962102,0.18258097965882877,0.10554151865567142,0.6689509939012935,0.6599996791424673,0.5425909665717932,0.905466602915699,0.4010461546803275,0.10591245344644505,-0.08647414793001705,0.7526706096096957,0.0
0.949939573993101,0.0,0.4547348422809302,0.7341371611561217,0.2096518125736981,0.5772623669127058,0.18404618367403308,0.17356642653228618,0.6887383614649385,0.7009689919997434,0.5455908999852298,0.9036503835339524,0.4010048325005658,0.09089843866121604,-0.048474957887382555,0.7534513483564352,0.0
0.9383640528454187,0.0,0.44345292694857635,0.7312579617134171,0.21658687133317664,0.5741839445434301,0.186471656785032,0.07443271744453557,0.6828272095596651,0.6933545596338174,0.5399222520382122,0.8985074442104806,0.39842684878422735,0.07326568226735408,-0.08243097051752285,0.7347334562478157,0.0
0.9263653366317932,0.0,0.4482200729883048,0.7325932843115553,0.17897288232864753,0.5759076156575312,0.18886058198011774,0.12814092034643818,0.6844851958087316,0.69453965480602,0.5352393368865533,0.8914404923881966,0.40110971951825397,0.06569923175062768,-0.077803499545135,0.7183447255463551,0.0
0.9163260987805448,0.0,0.49039004861463564,0.7606034219707729,0.1770587448578998,0.5980623359535929,0.19130581159239946,0.13648307714931526,0.7224136481996812,0.7457209020252354,0.5782441578217287,0.8993195243551457,0.4056865907139822,0.08918846238669884,0.04119182831764603,0.7728663274953267,0.0
0.9082648008213959,0.0,0.51942135215392,0.7764830488214395,0.21229520177946587,0.6295205528120303,0.1933989371646894,0.15140174574697374,0.7478275484879928,0.7668799614172008,0.5902417663911294,0.9049693700488673,0.39332679419732947,0.13740410100870323,0.1404563810173325,0.7789022886496824,0.0
0.9044763529106021,0.0,0.5197605427144459,0.7654919803786601,0.1300590308546127,0.6128361912878271,0.19405173966629433,0.12280136751986245,0.7330516215423923,0.7535658420910173,0.5746984434240218,0.8977916071330956,0.39481255495784706,0.10942859959604019,0.10019009542737917,0.755605495459407,0.0
0.9765623779586375,0.0,0.5124837340381487,0.8093476628424503,0.22644632771640127,0.6821476617939961,0.17984945803856103,0.28755761534996505,0.7834371292178457,0.8070781062265778,0.5432368454876747,0.9192005512085423,0.4182327332659205,0.25388163064086305,0.18115343298200481,0.7737167096401382,0.0
0.9717050074769195,0.0,0.5546914743358086,0.7569097860367682,0.21711287650120306,0.6574005159451847,0.18104525814801783,0.3127216744283168,0.7370734632508898,0.7544491934477858,0.5667446993114958,0.9599713281317093,0.41543138092527276,0.28868412138607025,0.21590201520117427,0.8013289073178255,0.0
0.9618992369707752,0.0,0.4949678857031779,0.7613910787079555,0.19295915060927257,0.6622753283896547,0.1830126576003986,0.3103828370932826,0.7529845447929409,0.7483831940841542,0.6409736409712392,0.9436169621036979,0.41358144046001294,0.30864197112422687,0.3236093263950407,0.8965408695980214,0.0
0.9551312401745609,0.0,0.5711403755427156,0.7505424420253602,0.23043580071230582,0.6767357448702633,0.1841303985808064,0.35861745156273767,0.7338755484683728,0.7366625763096336,0.610170939054649,0.9330751344488923,0.42301076201633975,0.35136856473543226,0.24529161775270666,0.8446094092241381,0.0
0.9416215187590443,0.0,0.584003060262975,0.7708893766711634,0.1908458899831461,0.6810758589045731,0.18689630876040336,0.31632759783036174,0.7580097539079639,0.7498697607278586,0.6610559538517985,0.9615693705702781,0.4138136849183125,0.31802692116065917,0.2838445160758634,0.9097225504268154,0.0
0.9287186136243248,0.0,0.5941052112130856,0.760415138786424,0.22553246577236402,0.6499725766594767,0.18953207741931494,0.2598275684303237,0.736585578156174,0.7466010469388759,0.5853193336270707,0.9562153921182397,0.422390618844137,0.24674013982781293,0.17938261817025344,0.7831838355349341,0.0
0.9243964854927879,0.0,0.5648021296616682,0.736050879035334,0.2063514147762174,0.6078118546697975,0.18993014030242145,0.23854346237319207,0.6927266643056416,0.7582532727473423,0.5172593228404875,0.9458173685748891,0.4176353307505152,0.1728934032471759,-0.027002352126711687,0.6963285297456322,0.0
0.918000275502828,0.0,0.5391765223690844,0.7413337779170117,0.2163759473094231,0.6031757300581503,0.19145967380630527,0.21252204800351712,0.6972201739269213,0.7350495384124097,0.5256423468416781,0.9550972795446067,0.4198105673693201,0.14393246689912959,-0.03185811224615355,0.6999960064459742,0.0
